cfbd_game_id,official_name,core_name,at_bowl
400610177,Rose Bowl Game Presented by Northwestern Mutual,Rose Bowl,true
400610178,Allstate Sugar Bowl,Sugar Bowl,true
400610179,Goodyear Cotton Bowl Classic,Cotton Bowl Classic,true
400610180,Capital One Orange Bowl,Orange Bowl,true
400610181,Vizio Fiesta Bowl,Fiesta Bowl,true
400610182,Chick-fil-A Peach Bowl,Peach Bowl,true
400610197,R+L Carriers New Orleans Bowl,New Orleans Bowl,true
400610198,Famous Idaho Potato Bowl,Famous Idaho Potato Bowl,true
400610199,San Diego County Credit Union Poinsettia Bowl,Poinsettia Bowl,true
400610200,GoDaddy Bowl,GoDaddy Bowl,true
400610201,Raycom Media Camellia Bowl,Camellia Bowl,true
400610202,Gildan New Mexico Bowl,New Mexico Bowl,true
400610203,Boca Raton Bowl,Boca Raton Bowl,true
400610204,Hawaiʻi Bowl,Hawaiʻi Bowl,true
400610205,Popeyes Bahamas Bowl,Bahamas Bowl,true
400610206,Foster Farms Bowl,Foster Farms Bowl,true
400610207,Military Bowl Presented by Northrop Grumman,Military Bowl,true
400610208,Russell Athletic Bowl,Russell Athletic Bowl,true
400610209,Bitcoin St. Petersburg Bowl,St. Petersburg Bowl,true
400610210,New Era Pinstripe Bowl,Pinstripe Bowl,true
400610211,Hyundai Sun Bowl,Sun Bowl,true
400610212,Quick Lane Bowl,Quick Lane Bowl,true
400610213,Lockheed Martin Armed Forces Bowl,Armed Forces Bowl,true
400610214,Franklin American Mortgage Music City Bowl,Music City Bowl,true
400610215,Belk Bowl,Belk Bowl,true
400610216,Duck Commander Independence Bowl,Independence Bowl,true
400610217,Buffalo Wild Wings Citrus Bowl,Citrus Bowl,true
400610218,Valero Alamo Bowl,Alamo Bowl,true
400610219,Outback Bowl,Outback Bowl,true
400610220,National University Holiday Bowl,Holiday Bowl,true
400610221,Royal Purple Las Vegas Bowl,Las Vegas Bowl,true
400610222,Zaxby's Heart of Dallas Bowl,Heart of Dallas Bowl,true
400610223,AdvoCare V100 Texas Bowl,Texas Bowl,true
400610224,TaxSlayer Bowl,TaxSlayer Bowl,true
400610225,Miami Beach Bowl,Miami Beach Bowl,true
400610226,AutoZone Liberty Bowl,Liberty Bowl,true
400610227,TicketCity Cactus Bowl,Cactus Bowl,true
400610228,Birmingham Bowl,Birmingham Bowl,true
400610325,,,false
400852668,Gildan New Mexico Bowl,New Mexico Bowl,true
400852684,Royal Purple Las Vegas Bowl,Las Vegas Bowl,true
400852685,Raycom Media Camellia Bowl,Camellia Bowl,true
400852686,R+L Carriers New Orleans Bowl,New Orleans Bowl,true
400852687,Miami Beach Bowl,Miami Beach Bowl,true
400852708,Famous Idaho Potato Bowl,Famous Idaho Potato Bowl,true
400852709,Marmot Boca Raton Bowl,Boca Raton Bowl,true
400852710,San Diego County Credit Union Poinsettia Bowl,Poinsettia Bowl,true
400852711,GoDaddy Bowl,GoDaddy Bowl,true
400852713,Popeyes Bahamas Bowl,Bahamas Bowl,true
400852714,Hawaiʻi Bowl,Hawaiʻi Bowl,true
400852715,St. Petersburg Bowl,St. Petersburg Bowl,true
400852716,Hyundai Sun Bowl,Sun Bowl,true
400852717,Zaxby's Heart of Dallas Bowl,Heart of Dallas Bowl,true
400852718,New Era Pinstripe Bowl,Pinstripe Bowl,true
400852719,Camping World Independence Bowl,Independence Bowl,true
400852720,Foster Farms Bowl,Foster Farms Bowl,true
400852721,Military Bowl Presented by Northrop Grumman,Military Bowl,true
400852722,Quick Lane Bowl,Quick Lane Bowl,true
400852723,Lockheed Martin Armed Forces Bowl,Armed Forces Bowl,true
400852724,Russell Athletic Bowl,Russell Athletic Bowl,true
400852726,AdvoCare V100 Texas Bowl,Texas Bowl,true
400852727,Birmingham Bowl,Birmingham Bowl,true
400852728,Belk Bowl,Belk Bowl,true
400852729,Franklin American Mortgage Music City Bowl,Music City Bowl,true
400852730,National Funding Holiday Bowl,Holiday Bowl,true
400852731,Chick-fil-A Peach Bowl,Peach Bowl,true
400852732,Goodyear Cotton Bowl Classic,Cotton Bowl Classic,true
400852733,Capital One Orange Bowl,Orange Bowl,true
400852735,Buffalo Wild Wings Citrus Bowl,Citrus Bowl,true
400852736,BattleFrog Fiesta Bowl,Fiesta Bowl,true
400852737,Rose Bowl Game Presented by Northwestern Mutual,Rose Bowl,true
400852738,Allstate Sugar Bowl,Sugar Bowl,true
400852739,TaxSlayer Bowl,TaxSlayer Bowl,true
400852740,AutoZone Liberty Bowl,Liberty Bowl,true
400852741,Valero Alamo Bowl,Alamo Bowl,true
400852742,Motel 6 Cactus Bowl,Cactus Bowl,true
400852743,,,false
400876038,Gildan New Mexico Bowl,New Mexico Bowl,true
400876039,Las Vegas Bowl Presented by GEICO,Las Vegas Bowl,true
400876040,Raycom Media Camellia Bowl,Camellia Bowl,true
400876042,Miami Beach Bowl,Miami Beach Bowl,true
400876043,Boca Raton Bowl,Boca Raton Bowl,true
400876044,San Diego County Credit Union Poinsettia Bowl,Poinsettia Bowl,true
400876045,Famous Idaho Potato Bowl,Famous Idaho Potato Bowl,true
400876046,Popeyes Bahamas Bowl,Bahamas Bowl,true
400876047,Lockheed Martin Armed Forces Bowl,Armed Forces Bowl,true
400876048,Dollar General Bowl,Dollar General Bowl,true
400876049,Hawaiʻi Bowl,Hawaiʻi Bowl,true
400876090,St. Petersburg Bowl,St. Petersburg Bowl,true
400876091,Quick Lane Bowl,Quick Lane Bowl,true
400876092,Camping World Independence Bowl,Independence Bowl,true
400876093,Zaxby's Heart of Dallas Bowl,Heart of Dallas Bowl,true
400876094,Military Bowl Presented by Northrop Grumman,Military Bowl,true
400876095,National Funding Holiday Bowl,Holiday Bowl,true
400876096,Motel 6 Cactus Bowl,Cactus Bowl,true
400876097,New Era Pinstripe Bowl,Pinstripe Bowl,true
400876098,Russell Athletic Bowl,Russell Athletic Bowl,true
400876100,Birmingham Bowl,Birmingham Bowl,true
400876101,Belk Bowl,Belk Bowl,true
400876102,Valero Alamo Bowl,Alamo Bowl,true
400876103,AutoZone Liberty Bowl,Liberty Bowl,true
400876104,Franklin American Mortgage Music City Bowl,Music City Bowl,true
400876105,Capital One Orange Bowl,Orange Bowl,true
400876106,Buffalo Wild Wings Citrus Bowl,Citrus Bowl,true
400876107,Chick-fil-A Peach Bowl,Peach Bowl,true
400876108,PlayStation Fiesta Bowl,Fiesta Bowl,true
400876109,Outback Bowl,Outback Bowl,true
400876110,Goodyear Cotton Bowl Classic,Cotton Bowl Classic,true
400876111,Rose Bowl Game Presented by Northwestern Mutual,Rose Bowl,true
400876112,Allstate Sugar Bowl,Sugar Bowl,true
400876113,TaxSlayer Gator Bowl,Gator Bowl,true
400876570,,,false
400878692,Hyundai Sun Bowl,Sun Bowl,true
400903226,Foster Farms Bowl,Foster Farms Bowl,true
400953322,R+L Carriers New Orleans Bowl,New Orleans Bowl,true
400953323,Las Vegas Bowl,Las Vegas Bowl,true
400953324,Gildan New Mexico Bowl,New Mexico Bowl,true
400953325,Raycom Media Camellia Bowl,Camellia Bowl,true
400953386,Cheribundi Tart Cherry Boca Raton Bowl,Boca Raton Bowl,true
400953387,Bad Boy Mowers Gasparilla Bowl,Gasparilla Bowl,true
400953390,Birmingham Bowl,Birmingham Bowl,true
400953391,Lockheed Martin Armed Forces Bowl,Armed Forces Bowl,true
400953392,Dollar General Bowl,Dollar General Bowl,true
400953393,Hawaiʻi Bowl,Hawaiʻi Bowl,true
400953394,Quick Lane Bowl,Quick Lane Bowl,true
400953395,Zaxby's Heart of Dallas Bowl,Heart of Dallas Bowl,true
400953397,Walk-On's Independence Bowl,Independence Bowl,true
400953398,New Era Pinstripe Bowl,Pinstripe Bowl,true
400953399,Academy Sports + Outdoors Texas Bowl,Texas Bowl,true
400953400,Military Bowl Presented by Northrop Grumman,Military Bowl,true
400953401,Valero Alamo Bowl,Alamo Bowl,true
400953402,Belk Bowl,Belk Bowl,true
400953403,Franklin American Mortgage Music City Bowl,Music City Bowl,true
400953404,Goodyear Cotton Bowl Classic,Cotton Bowl Classic,true
400953405,TaxSlayer Gator Bowl,Gator Bowl,true
400953406,AutoZone Liberty Bowl,Liberty Bowl,true
400953407,PlayStation Fiesta Bowl,Fiesta Bowl,true
400953408,Capital One Orange Bowl,Orange Bowl,true
400953410,Outback Bowl,Outback Bowl,true
400953411,Chick-fil-A Peach Bowl,Peach Bowl,true
400953412,Rose Bowl Game Presented by Northwestern Mutual,Rose Bowl,true
400953413,Allstate Sugar Bowl,Sugar Bowl,true
400953414,Citrus Bowl Presented by Overton's,Citrus Bowl,true
400953415,,,false
400953416,Camping World Bowl,Camping World Bowl,true
400953417,Hyundai Sun Bowl,Sun Bowl,true
400954523,DXL Frisco Bowl,Frisco Bowl,true
400959397,San Diego County Credit Union Holiday Bowl,Holiday Bowl,true
400959398,Foster Farms Bowl,Foster Farms Bowl,true
401032054,New Mexico Bowl Presented by Progressive,New Mexico Bowl,true
401032055,Mitsubishi Motors Las Vegas Bowl,Las Vegas Bowl,true
401032056,Raycom Media Camellia Bowl,Camellia Bowl,true
401032057,R+L Carriers New Orleans Bowl,New Orleans Bowl,true
401032058,Cheribundi Boca Raton Bowl,Boca Raton Bowl,true
401032059,DXL Frisco Bowl,Frisco Bowl,true
401032060,Bad Boy Mowers Gasparilla Bowl,Gasparilla Bowl,true
401032061,Makers Wanted Bahamas Bowl,Bahamas Bowl,true
401032062,Famous Idaho Potato Bowl,Famous Idaho Potato Bowl,true
401032063,Jared Birmingham Bowl,Birmingham Bowl,true
401032064,Lockheed Martin Armed Forces Bowl,Armed Forces Bowl,true
401032065,Dollar General Bowl,Dollar General Bowl,true
401032066,SoFi Hawaiʻi Bowl,Hawaiʻi Bowl,true
401032068,Quick Lane Bowl,Quick Lane Bowl,true
401032069,Cheez-It Bowl,Cheez-It Bowl,true
401032070,Walk-On's Independence Bowl,Independence Bowl,true
401032071,New Era Pinstripe Bowl,Pinstripe Bowl,true
401032072,Academy Sports + Outdoors Texas Bowl,Texas Bowl,true
401032073,Franklin American Mortgage Music City Bowl,Music City Bowl,true
401032074,Camping World Bowl,Camping World Bowl,true
401032075,Valero Alamo Bowl,Alamo Bowl,true
401032076,Chick-fil-A Peach Bowl,Peach Bowl,true
401032077,Belk Bowl,Belk Bowl,true
401032078,Capital One Orange Bowl,Orange Bowl,true
401032079,Goodyear Cotton Bowl Classic,Cotton Bowl Classic,true
401032080,Military Bowl Presented by Northrop Grumman,Military Bowl,true
401032081,AutoZone Liberty Bowl,Liberty Bowl,true
401032082,TaxSlayer Gator Bowl,Gator Bowl,true
401032083,Outback Bowl,Outback Bowl,true
401032084,PlayStation Fiesta Bowl,Fiesta Bowl,true
401032085,Rose Bowl Game Presented by Northwestern Mutual,Rose Bowl,true
401032086,Allstate Sugar Bowl,Sugar Bowl,true
401032087,,,false
401032088,Vrbo Citrus Bowl,Citrus Bowl,true
401035250,San Diego County Credit Union Holiday Bowl,Holiday Bowl,true
401035251,Hyundai Sun Bowl,Sun Bowl,true
401035254,Redbox Bowl,Redbox Bowl,true
401135260,Makers Wanted Bahamas Bowl,Bahamas Bowl,true
401135261,Tropical Smoothie Cafe Frisco Bowl,Frisco Bowl,true
401135263,New Mexico Bowl,New Mexico Bowl,true
401135264,Cheribundi Boca Raton Bowl,Boca Raton Bowl,true
401135265,Camellia Bowl,Camellia Bowl,true
401135266,Mitsubishi Motors Las Vegas Bowl,Las Vegas Bowl,true
401135267,R+L Carriers New Orleans Bowl,New Orleans Bowl,true
401135268,Bad Boy Mowers Gasparilla Bowl,Gasparilla Bowl,true
401135269,SoFi Hawaiʻi Bowl,Hawaiʻi Bowl,true
401135270,Walk-On's Independence Bowl,Independence Bowl,true
401135271,Quick Lane Bowl,Quick Lane Bowl,true
401135272,Military Bowl Presented by Northrop Grumman,Military Bowl,true
401135273,New Era Pinstripe Bowl,Pinstripe Bowl,true
401135274,Academy Sports + Outdoors Texas Bowl,Texas Bowl,true
401135276,Camping World Bowl,Camping World Bowl,true
401135277,Goodyear Cotton Bowl Classic,Cotton Bowl Classic,true
401135278,Chick-fil-A Peach Bowl,Peach Bowl,true
401135279,PlayStation Fiesta Bowl,Fiesta Bowl,true
401135280,SERVPRO First Responder Bowl,First Responder Bowl,true
401135281,Franklin American Mortgage Music City Bowl,Music City Bowl,true
401135282,Capital One Orange Bowl,Orange Bowl,true
401135283,Belk Bowl,Belk Bowl,true
401135284,AutoZone Liberty Bowl,Liberty Bowl,true
401135285,Valero Alamo Bowl,Alamo Bowl,true
401135286,Vrbo Citrus Bowl,Citrus Bowl,true
401135287,Outback Bowl,Outback Bowl,true
401135288,Rose Bowl Game Presented by Northwestern Mutual,Rose Bowl,true
401135289,Allstate Sugar Bowl,Sugar Bowl,true
401135290,TicketSmarter Birmingham Bowl,Birmingham Bowl,true
401135291,TaxSlayer Gator Bowl,Gator Bowl,true
401135292,Famous Idaho Potato Bowl,Famous Idaho Potato Bowl,true
401135293,Lockheed Martin Armed Forces Bowl,Armed Forces Bowl,true
401135294,LendingTree Bowl,LendingTree Bowl,true
401135295,,,false
401136253,San Diego County Credit Union Holiday Bowl,Holiday Bowl,true
401136254,Redbox Bowl,Redbox Bowl,true
401136255,Tony the Tiger Sun Bowl,Sun Bowl,true
401240152,Rose Bowl Game Presented by Capital One,Rose Bowl,true
401240173,Allstate Sugar Bowl,Sugar Bowl,true
401240174,,,false
401256108,Chick-fil-A Peach Bowl,Peach Bowl,true
401256109,TaxSlayer Gator Bowl,Gator Bowl,true
401256110,Outback Bowl,Outback Bowl,true
401256111,PlayStation Fiesta Bowl,Fiesta Bowl,true
401256112,Capital One Orange Bowl,Orange Bowl,true
401256135,Myrtle Beach Bowl,Myrtle Beach Bowl,true
401256136,Famous Idaho Potato Bowl,Famous Idaho Potato Bowl,true
401256137,RoofClaim.com Boca Raton Bowl,Boca Raton Bowl,true
401256138,R+L Carriers New Orleans Bowl,New Orleans Bowl,true
401256139,Montgomery Bowl,Montgomery Bowl,true
401256140,New Mexico Bowl,New Mexico Bowl,true
401256141,Camellia Bowl,Camellia Bowl,true
401256143,FBC Mortgage Cure Bowl,Cure Bowl,true
401256145,LendingTree Bowl,LendingTree Bowl,true
401256150,Cheez-It Bowl,Cheez-It Bowl,true
401256151,Valero Alamo Bowl,Alamo Bowl,true
401256152,Duke's Mayo Bowl,Duke's Mayo Bowl,true
401256194,Goodyear Cotton Bowl Classic,Cotton Bowl Classic,true
401256196,Lockheed Martin Armed Forces Bowl,Armed Forces Bowl,true
401256197,AutoZone Liberty Bowl,Liberty Bowl,true
401256199,Vrbo Citrus Bowl,Citrus Bowl,true
401268773,Offerpad Arizona Bowl,Arizona Bowl,true
401331168,Radiance Technologies Independence Bowl,Independence Bowl,true
401331215,Lockheed Martin Armed Forces Bowl,Armed Forces Bowl,true
401331216,Union Home Mortgage Gasparilla Bowl,Gasparilla Bowl,true
401331222,SERVPRO First Responder Bowl,First Responder Bowl,true
401331223,AutoZone Liberty Bowl,Liberty Bowl,true
401331227,Cheez-It Bowl,Cheez-It Bowl,true
401331228,Valero Alamo Bowl,Alamo Bowl,true
401331230,TransPerfect Music City Bowl,Music City Bowl,true
401331231,Chick-fil-A Peach Bowl,Peach Bowl,true
401331232,SRS Distribution Las Vegas Bowl,Las Vegas Bowl,true
401331233,TaxSlayer Gator Bowl,Gator Bowl,true
401331234,Capital One Orange Bowl,Orange Bowl,true
401331235,Goodyear Cotton Bowl Classic,Cotton Bowl Classic,true
401331236,Outback Bowl,Outback Bowl,true
401331237,Vrbo Citrus Bowl,Citrus Bowl,true
401331238,PlayStation Fiesta Bowl,Fiesta Bowl,true
401331239,Rose Bowl Game Presented by Capital One Venture X,Rose Bowl,true
401331240,Allstate Sugar Bowl,Sugar Bowl,true
401331242,,,false
401331654,Tony the Tiger Sun Bowl,Sun Bowl,true
401441999,SRS Distribution Las Vegas Bowl,Las Vegas Bowl,true
401442007,Union Home Mortgage Gasparilla Bowl,Gasparilla Bowl,true
401442010,,,false
401442012,Cheez-It Citrus Bowl,Citrus Bowl,true
401442013,Goodyear Cotton Bowl Classic,Cotton Bowl Classic,true
401442014,Rose Bowl Game Presented by Prudential,Rose Bowl,true
401442015,Chick-fil-A Peach Bowl,Peach Bowl,true
401442016,Vrbo Fiesta Bowl,Fiesta Bowl,true
401442017,TransPerfect Music City Bowl,Music City Bowl,true
401442018,Allstate Sugar Bowl,Sugar Bowl,true
401442019,Capital One Orange Bowl,Orange Bowl,true
401442030,AutoZone Liberty Bowl,Liberty Bowl,true
401442032,Bad Boy Mowers Pinstripe Bowl,Pinstripe Bowl,true
401442033,Cheez-It Bowl,Cheez-It Bowl,true
401442034,Valero Alamo Bowl,Alamo Bowl,true
401442035,Duke's Mayo Bowl,Duke's Mayo Bowl,true
401442036,TaxSlayer Gator Bowl,Gator Bowl,true
401470891,San Diego County Credit Union Holiday Bowl,Holiday Bowl,true
401551469,Famous Toastery Bowl,Famous Toastery Bowl,true
401551732,Isleta New Mexico Bowl,New Mexico Bowl,true
401551733,Myrtle Beach Bowl,Myrtle Beach Bowl,true
401551735,Scooter's Coffee Frisco Bowl,Frisco Bowl,true
401551737,RoofClaim.com Boca Raton Bowl,Boca Raton Bowl,true
401551741,Camellia Bowl,Camellia Bowl,true
401551743,Famous Idaho Potato Bowl,Famous Idaho Potato Bowl,true
401551744,SRS Distribution Las Vegas Bowl,Las Vegas Bowl,true
401551746,EasyPost Hawaiʻi Bowl,Hawaiʻi Bowl,true
401551748,SERVPRO First Responder Bowl,First Responder Bowl,true
401551749,TaxAct Texas Bowl,Texas Bowl,true
401551750,Wasabi Fenway Bowl,Fenway Bowl,true
401551751,R+L Carriers New Orleans Bowl,New Orleans Bowl,true
401551752,Starco Brands LA Bowl,LA Bowl,true
401551753,Radiance Technologies Independence Bowl,Independence Bowl,true
401551754,Union Home Mortgage Gasparilla Bowl,Gasparilla Bowl,true
401551755,68 Ventures Bowl,68 Ventures Bowl,true
401551756,Quick Lane Bowl,Quick Lane Bowl,true
401551757,Guaranteed Rate Bowl,Rate Bowl,true
401551758,Military Bowl Presented by GoBowling.com,Military Bowl,true
401551761,Duke's Mayo Bowl,Duke's Mayo Bowl,true
401551762,Bad Boy Mowers Pinstripe Bowl,Pinstripe Bowl,true
401551764,Pop-Tarts Bowl,Pop-Tarts Bowl,true
401551765,Valero Alamo Bowl,Alamo Bowl,true
401551766,TaxSlayer Gator Bowl,Gator Bowl,true
401551767,AutoZone Liberty Bowl,Liberty Bowl,true
401551768,Goodyear Cotton Bowl Classic,Cotton Bowl Classic,true
401551769,Chick-fil-A Peach Bowl,Peach Bowl,true
401551773,Capital One Orange Bowl,Orange Bowl,true
401551778,ReliaQuest Bowl,ReliaQuest Bowl,true
401551780,Cheez-It Citrus Bowl,Citrus Bowl,true
401551782,Vrbo Fiesta Bowl,Fiesta Bowl,true
401551786,Rose Bowl Game Presented by Prudential,Rose Bowl,true
401551788,Allstate Sugar Bowl,Sugar Bowl,true
401551789,,,false
401551798,Tony the Tiger Sun Bowl,Sun Bowl,true
401581109,DIRECTV Holiday Bowl,Holiday Bowl,true
401677080,Scooter's Coffee Frisco Bowl,Frisco Bowl,true
401677081,Art of Sport LA Bowl,LA Bowl,true
401677082,R+L Carriers New Orleans Bowl,New Orleans Bowl,true
401677083,StaffDNA Cure Bowl,Cure Bowl,true
401677084,Union Home Mortgage Gasparilla Bowl,Gasparilla Bowl,true
401677085,Myrtle Beach Bowl,Myrtle Beach Bowl,true
401677086,Famous Idaho Potato Bowl,Famous Idaho Potato Bowl,true
401677087,Hawaiʻi Bowl,Hawaiʻi Bowl,true
401677088,Rate Bowl,Rate Bowl,true
401677089,68 Ventures Bowl,68 Ventures Bowl,true
401677090,Lockheed Martin Armed Forces Bowl,Armed Forces Bowl,true
401677091,Birmingham Bowl,Birmingham Bowl,true
401677092,AutoZone Liberty Bowl,Liberty Bowl,true
401677093,SRS Distribution Las Vegas Bowl,Las Vegas Bowl,true
401677094,Wasabi Fenway Bowl,Fenway Bowl,true
401677095,Bad Boy Mowers Pinstripe Bowl,Pinstripe Bowl,true
401677096,Isleta New Mexico Bowl,New Mexico Bowl,true
401677097,Pop-Tarts Bowl,Pop-Tarts Bowl,true
401677098,Go Bowling Military Bowl,Military Bowl,true
401677099,Valero Alamo Bowl,Alamo Bowl,true
401677100,Radiance Technologies Independence Bowl,Independence Bowl,true
401677101,TransPerfect Music City Bowl,Music City Bowl,true
401677102,ReliaQuest Bowl,ReliaQuest Bowl,true
401677103,Cheez-It Citrus Bowl,Citrus Bowl,true
401677104,Kinder's Texas Bowl,Texas Bowl,true
401677105,TaxSlayer Gator Bowl,Gator Bowl,true
401677106,SERVPRO First Responder Bowl,First Responder Bowl,true
401677107,Duke's Mayo Bowl,Duke's Mayo Bowl,true
401677108,Bahamas Bowl Presented by Atlantis Resorts,Bahamas Bowl,true
401677176,,,false
401677177,,,false
401677178,,,false
401677179,,,false
401677180,GameAbove Sports Bowl,GameAbove Sports Bowl,true
401677181,Vrbo Fiesta Bowl,Fiesta Bowl,true
401677182,Chick-fil-A Peach Bowl,Peach Bowl,true
401677183,Rose Bowl Game Presented by Prudential,Rose Bowl,true
401677184,Allstate Sugar Bowl,Sugar Bowl,true
401677188,Snoop Dogg Arizona Bowl,Arizona Bowl,true
401677189,Capital One Orange Bowl,Orange Bowl,true
401677191,Goodyear Cotton Bowl Classic,Cotton Bowl Classic,true
401677192,,,false
401729867,DIRECTV Holiday Bowl,Holiday Bowl,true
401769070,Goodyear Cotton Bowl Classic,Cotton Bowl Classic,true
401769071,Capital One Orange Bowl,Orange Bowl,true
401769072,Rose Bowl Game Presented by Prudential,Rose Bowl,true
401769073,Allstate Sugar Bowl,Sugar Bowl,true
401769074,Chick-fil-A Peach Bowl,Peach Bowl,true
401769075,Vrbo Fiesta Bowl,Fiesta Bowl,true
401769076,,,false
401778302,Bucked Up LA Bowl,LA Bowl,true
401778303,IS4S Salute to Veterans Bowl,Salute to Veterans Bowl,true
401778304,StaffDNA Cure Bowl,Cure Bowl,true
401778305,68 Ventures Bowl,68 Ventures Bowl,true
401778306,Myrtle Beach Bowl,Myrtle Beach Bowl,true
401778307,Union Home Mortgage Gasparilla Bowl,Gasparilla Bowl,true
401778308,Famous Idaho Potato Bowl,Famous Idaho Potato Bowl,true
401778309,Bush's Boca Raton Bowl,Boca Raton Bowl,true
401778310,New Orleans Bowl,New Orleans Bowl,true
401778311,Scooter's Coffee Frisco Bowl,Frisco Bowl,true
401778312,Sheraton Hawaiʻi Bowl,Hawaiʻi Bowl,true
401778313,GameAbove Sports Bowl,GameAbove Sports Bowl,true
401778314,Rate Bowl,Rate Bowl,true
401778315,SERVPRO First Responder Bowl,First Responder Bowl,true
401778316,Go Bowling Military Bowl,Military Bowl,true
401778317,Bad Boy Mowers Pinstripe Bowl,Pinstripe Bowl,true
401778318,Wasabi Fenway Bowl,Fenway Bowl,true
401778319,Pop-Tarts Bowl,Pop-Tarts Bowl,true
401778320,Snoop Dogg Arizona Bowl,Arizona Bowl,true
401778321,Isleta New Mexico Bowl,New Mexico Bowl,true
401778322,TaxSlayer Gator Bowl,Gator Bowl,true
401778323,Kinder's Texas Bowl,Texas Bowl,true
401778324,JLab Birmingham Bowl,Birmingham Bowl,true
401778325,Radiance Technologies Independence Bowl,Independence Bowl,true
401778326,Liberty Mutual Music City Bowl,Music City Bowl,true
401778327,Valero Alamo Bowl,Alamo Bowl,true
401778328,ReliaQuest Bowl,ReliaQuest Bowl,true
401778329,Tony the Tiger Sun Bowl,Sun Bowl,true
401778330,Cheez-It Citrus Bowl,Citrus Bowl,true
401778331,SRS Distribution Las Vegas Bowl,Las Vegas Bowl,true
401778332,Lockheed Martin Armed Forces Bowl,Armed Forces Bowl,true
401778333,AutoZone Liberty Bowl,Liberty Bowl,true
401778334,Duke's Mayo Bowl,Duke's Mayo Bowl,true
401779840,,,false
401779841,,,false
401779842,,,false
401779843,,,false
401831583,Trust & Will Holiday Bowl,Holiday Bowl,true
401838053,Xbox Bowl,Xbox Bowl,true
