rr_telecast_id,decision,feeds,reason
cfb-alabama-auburn-2014-11-29,single,,other
cfb-alabama-auburn-2017-11-25,single,,other
cfb-alabama-chattanooga-2016-11-19,single,,other
cfb-alabama-cincinnati-2021-12-31,single,,other
cfb-alabama-clemson-2016-01-11,combined,2,title-game
cfb-alabama-clemson-2017-01-09,combined,2,title-game
cfb-alabama-clemson-2018-01-01,single,,other
cfb-alabama-clemson-2019-01-07,combined,2,title-game
cfb-alabama-colorado-state-2017-09-16,single,,other
cfb-alabama-florida-state-2017-09-02,single,,other
cfb-alabama-fresno-state-2017-09-09,single,,other
cfb-alabama-georgia-2018-01-08,combined,2,title-game
cfb-alabama-georgia-2018-12-01,single,,other
cfb-alabama-georgia-2022-01-10,combined,2,title-game
cfb-alabama-georgia-2023-12-02,single,,other
cfb-alabama-indiana-2026-01-01,single,,other
cfb-alabama-michigan-2020-01-01,single,,other
cfb-alabama-michigan-2024-01-01,single,,other
cfb-alabama-michigan-2024-12-31,single,,other
cfb-alabama-michigan-state-2015-12-31,single,,other
cfb-alabama-mississippi-state-2017-11-11,single,,other
cfb-alabama-notre-dame-2021-01-01,single,,other
cfb-alabama-ohio-state-2015-01-01,single,,other
cfb-alabama-ohio-state-2021-01-11,combined,2,title-game
cfb-alabama-oklahoma-2018-12-29,single,,other
cfb-alabama-ole-miss-2015-09-19,single,,other
cfb-alabama-ole-miss-2020-10-10,single,,other
cfb-alabama-tennessee-2014-10-25,single,,other
cfb-alabama-texas-2022-09-10,single,,other
cfb-alabama-texas-2023-09-09,single,,other
cfb-alabama-washington-2016-12-31,single,,other
cfb-alabama-western-kentucky-2016-09-10,single,,other
cfb-arizona-boise-state-2014-12-31,single,,other
cfb-arizona-state-texas-2025-01-01,single,,other
cfb-arkansas-mississippi-state-2016-11-19,single,,other
cfb-army-navy-2024-12-14,single,,other
cfb-army-west-virginia-2020-12-31,single,,other
cfb-auburn-georgia-2017-12-02,single,,other
cfb-auburn-georgia-2020-10-03,single,,other
cfb-auburn-oklahoma-2017-01-02,single,,other
cfb-auburn-ucf-2018-01-01,single,,other
cfb-auburn-wisconsin-2015-01-01,single,,other
cfb-ball-state-ohio-state-2026-09-05,single,,other
cfb-baylor-georgia-2020-01-01,single,,other
cfb-baylor-michigan-state-2015-01-01,single,,other
cfb-baylor-oklahoma-2014-11-08,single,,other
cfb-baylor-ole-miss-2022-01-01,single,,other
cfb-baylor-texas-2017-10-28,single,,other
cfb-boise-state-marshall-2019-09-06,single,,other
cfb-boise-state-penn-state-2024-12-31,single,,other
cfb-charlotte-marshall-2016-10-22,single,,other
cfb-cincinnati-georgia-2021-01-01,single,,other
cfb-clemson-lsu-2020-01-13,combined,2,title-game
cfb-clemson-notre-dame-2018-12-29,single,,other
cfb-clemson-notre-dame-2020-12-19,single,,other
cfb-clemson-ohio-state-2016-12-31,single,,other
cfb-clemson-ohio-state-2019-12-28,single,,other
cfb-clemson-ohio-state-2021-01-01,single,,other
cfb-clemson-oklahoma-2015-12-31,single,,other
cfb-colorado-colorado-state-2023-09-16,single,,other
cfb-colorado-oregon-2023-09-23,single,,other
cfb-east-carolina-south-carolina-2014-09-06,single,,other
cfb-eastern-michigan-missouri-2016-09-10,combined,2,alt-cast-simulcast
cfb-florida-florida-state-2025-11-29,single,,other
cfb-florida-lsu-2019-10-12,single,,other
cfb-florida-lsu-2020-12-12,single,,other
cfb-florida-miami-2019-08-24,single,,other
cfb-florida-michigan-2018-12-29,single,,other
cfb-florida-oklahoma-2020-12-30,single,,other
cfb-florida-state-georgia-2023-12-30,single,,other
cfb-florida-state-georgia-tech-2020-09-12,single,,other
cfb-florida-state-miami-2025-10-04,combined,2,alt-cast-simulcast
cfb-florida-state-michigan-2016-12-30,single,,other
cfb-florida-state-nc-state-2016-11-05,single,,other
cfb-florida-state-notre-dame-2014-10-18,single,,other
cfb-florida-state-ole-miss-2016-09-05,single,,other
cfb-florida-state-oregon-2015-01-01,single,,other
cfb-florida-state-virginia-tech-2018-09-03,single,,other
cfb-florida-texas-am-2017-10-14,single,,other
cfb-florida-virginia-2019-12-30,single,,other
cfb-georgia-michigan-2021-12-31,single,,other
cfb-georgia-notre-dame-2025-01-02,single,,other
cfb-georgia-ohio-state-2022-12-31,single,,other
cfb-georgia-oklahoma-2018-01-01,single,,other
cfb-georgia-ole-miss-2026-01-01,single,,other
cfb-georgia-tcu-2023-01-09,combined,2,title-game
cfb-georgia-tech-mississippi-state-2014-12-31,single,,other
cfb-georgia-texas-2019-01-01,single,,other
cfb-illinois-tennessee-2025-12-30,single,,other
cfb-indiana-miami-2026-01-19,combined,2,title-game
cfb-indiana-michigan-2018-11-17,single,,other
cfb-indiana-michigan-2020-11-07,single,,other
cfb-indiana-ohio-state-2024-11-23,single,,other
cfb-indiana-ohio-state-2025-12-06,single,,other
cfb-indiana-oregon-2026-01-09,single,,other
cfb-indiana-penn-state-2020-10-24,single,,other
cfb-iowa-michigan-2021-12-04,single,,other
cfb-iowa-michigan-state-2015-12-05,single,,other
cfb-iowa-mississippi-state-2019-01-01,single,,other
cfb-iowa-stanford-2016-01-01,single,,other
cfb-iowa-state-oklahoma-state-2016-10-08,single,,other
cfb-iowa-state-oregon-2021-01-02,single,,other
cfb-iowa-state-washington-state-2018-12-28,single,,other
cfb-iowa-usc-2019-12-27,single,,other
cfb-iowa-wisconsin-2020-12-12,single,,other
cfb-jacksonville-state-lsu-2016-09-10,single,,other
cfb-kansas-missouri-2025-09-06,single,,other
cfb-kansas-state-texas-tech-2016-10-08,single,,other
cfb-louisville-notre-dame-2019-09-02,single,,other
cfb-lsu-oklahoma-2019-12-28,single,,other
cfb-lsu-texas-am-2020-11-28,single,,other
cfb-lsu-troy-2017-09-30,single,,other
cfb-lsu-ucf-2019-01-01,single,,other
cfb-lsu-western-kentucky-2015-10-24,single,,other
cfb-maryland-texas-2017-09-02,single,,other
cfb-mcneese-state-nebraska-2014-09-06,single,,other
cfb-memphis-penn-state-2019-12-28,single,,other
cfb-miami-ohio-state-2025-12-31,single,,other
cfb-miami-ole-miss-2026-01-08,single,,other
cfb-miami-texas-am-2025-12-20,single,,other
cfb-miami-wisconsin-2017-12-30,single,,other
cfb-michigan-michigan-state-2015-10-17,single,,other
cfb-michigan-michigan-state-2021-10-30,single,,other
cfb-michigan-ohio-state-2016-11-26,single,,other
cfb-michigan-ohio-state-2017-11-25,single,,other
cfb-michigan-ohio-state-2018-11-24,single,,other
cfb-michigan-ohio-state-2019-11-30,single,,other
cfb-michigan-ohio-state-2021-11-27,single,,other
cfb-michigan-ohio-state-2022-11-26,single,,other
cfb-michigan-ohio-state-2023-11-25,single,,other
cfb-michigan-ohio-state-2024-11-30,single,,other
cfb-michigan-oklahoma-2026-09-12,single,,other
cfb-michigan-penn-state-2014-10-11,single,,other
cfb-michigan-purdue-2022-12-03,single,,other
cfb-michigan-south-carolina-2018-01-01,single,,other
cfb-michigan-state-nebraska-2025-10-04,single,,other
cfb-michigan-tcu-2022-12-31,single,,other
cfb-michigan-texas-2024-09-07,single,,other
cfb-michigan-utah-2015-09-03,single,,other
cfb-michigan-utep-2026-09-19,single,,other
cfb-michigan-washington-2024-01-08,combined,2,title-game
cfb-minnesota-ohio-state-2018-10-13,single,,other
cfb-minnesota-wisconsin-2025-11-29,single,,other
cfb-missouri-ohio-state-2023-12-29,single,,other
cfb-nebraska-ohio-state-2017-10-14,single,,other
cfb-nebraska-penn-state-2020-11-14,single,,other
cfb-north-carolina-tcu-2025-09-01,single,,other
cfb-north-carolina-texas-am-2021-01-02,single,,other
cfb-northwestern-ohio-state-2020-12-19,single,,other
cfb-notre-dame-ohio-state-2016-01-01,single,,other
cfb-notre-dame-ohio-state-2023-09-23,single,,other
cfb-notre-dame-ohio-state-2025-01-20,combined,2,title-game
cfb-notre-dame-penn-state-2025-01-09,single,,other
cfb-notre-dame-stanford-2015-11-28,single,,other
cfb-ohio-state-oregon-2015-01-12,combined,2,title-game
cfb-ohio-state-oregon-2025-01-01,single,,other
cfb-ohio-state-penn-state-2017-10-28,single,,other
cfb-ohio-state-penn-state-2019-11-23,single,,other
cfb-ohio-state-penn-state-2024-11-02,single,,other
cfb-ohio-state-texas-2025-01-10,single,,other
cfb-ohio-state-texas-2025-08-30,single,,other
cfb-ohio-state-usc-2017-12-29,single,,other
cfb-ohio-state-utah-2022-01-01,single,,other
cfb-ohio-state-virginia-tech-2015-09-07,single,,other
cfb-ohio-state-washington-2019-01-01,single,,other
cfb-ohio-state-wisconsin-2017-12-02,single,,other
cfb-ohio-state-wisconsin-2019-12-07,single,,other
cfb-oklahoma-oklahoma-state-2017-11-04,single,,other
cfb-oklahoma-state-ole-miss-2016-01-01,single,,other
cfb-oklahoma-texas-2016-10-08,single,,other
cfb-oklahoma-texas-2018-12-01,single,,other
cfb-oklahoma-west-virginia-2018-11-23,single,,other
cfb-ole-miss-penn-state-2023-12-30,single,,other
cfb-oregon-penn-state-2024-12-07,single,,other
cfb-oregon-tcu-2016-01-02,single,,other
cfb-oregon-texas-tech-2026-01-01,single,,other
cfb-oregon-ucla-2020-11-21,single,,other
cfb-oregon-wisconsin-2020-01-01,single,,other
cfb-oregon-wisconsin-2025-10-25,single,,other
cfb-penn-state-usc-2017-01-02,single,,other
cfb-penn-state-washington-2017-12-30,single,,other
cfb-penn-state-wisconsin-2016-12-03,single,,other
cfb-rice-texas-state-2026-01-02,single,,other
cfb-south-carolina-virginia-tech-2025-08-31,single,,other
cfb-texas-tech-west-virginia-2017-10-14,single,,other
cfb-texas-utah-2019-12-31,single,,other
cfb-texas-washington-2024-01-01,single,,other
