variant,network_id,display_name,family,tier,feed_type,season_from,season_to
ABC,abc,ABC,disney,broadcast,main,,
ABC North Dakota,abc,ABC,disney,broadcast,main,,
ABC*,abc,ABC,disney,broadcast,main,,
ACC Network,acc-network,ACC Network,disney,conference,main,2019,
ACCN,acc-network,ACC Network,disney,conference,main,,
ACC Extra,acc-network-extra,ACC Network Extra,disney,streaming,main,,
ACCN Extra,acc-network-extra,ACC Network Extra,disney,streaming,main,,
ACCN Xtra,acc-network-extra,ACC Network Extra,disney,streaming,main,,
ACCNX,acc-network-extra,ACC Network Extra,disney,streaming,main,,
ACC Digital,acc-network-legacy,"ACC Network (regional syndication, pre-2019)",other,conference,main,,
ACC Network,acc-network-legacy,"ACC Network (regional syndication, pre-2019)",other,conference,main,2014,2018
ACC RSNs,acc-network-legacy,"ACC Network (regional syndication, pre-2019)",other,conference,main,,
Raycom,acc-network-legacy,"ACC Network (regional syndication, pre-2019)",other,conference,main,,
Altitude,altitude-sports,Altitude Sports,regional,regional,main,,
Altitude 2,altitude-sports,Altitude Sports,regional,regional,main,,
ASN,american-sports-network,American Sports Network,other,regional,main,,
Amer Sports Ntwk,american-sports-network,American Sports Network,other,regional,main,,
American Sports Network,american-sports-network,American Sports Network,other,regional,main,,
Bally Ariz,bally-sports-regional,Bally Sports (regional),regional,regional,main,,
Bally SoCal,bally-sports-regional,Bally Sports (regional),regional,regional,main,,
Bally+ Ariz,bally-sports-regional,Bally Sports (regional),regional,regional,main,,
Barstool,barstool-sports,Barstool Sports,other,streaming,main,,
BeIn Sports,bein-sports,beIN Sports,other,cable,main,,
beIN,bein-sports,beIN Sports,other,cable,main,,
BIG10,big-ten-network,Big Ten Network,fox,conference,main,,
BTN,big-ten-network,Big Ten Network,fox,conference,main,,
Buckeye Cable,buckeye-cable-sports,Buckeye Cable Sports Network,regional,regional,main,,
BYU TV,byutv,BYUtv,other,cable,main,,
CAMP,campus-insiders,Campus Insiders,other,streaming,main,,
campus-insiders,campus-insiders,Campus Insiders,other,streaming,main,,
CBS,cbs,CBS,cbs,broadcast,main,,
KEYE CBS 42 (Austin),cbs,CBS,cbs,broadcast,main,,
KGPE CBS 47 (Fresno),cbs,CBS,cbs,broadcast,main,,
CBS Sports Facebook,cbs-sports-facebook,CBS Sports HQ (Facebook),cbs,streaming,main,,
CBS Sports Network,cbs-sports-network,CBS Sports Network,cbs,cable,main,,
CBSSN,cbs-sports-network,CBS Sports Network,cbs,cable,main,,
cbssports.com*,cbs-sports-network,CBS Sports Network,cbs,cable,main,,
CNBC,cnbc,CNBC,nbc,cable,main,,
Comcast NM,comcast-sportsnet-nm,Comcast SportsNet New Mexico,regional,regional,main,,
cusa.tv,conference-usa-digital,Conference USA Digital Network,conference,streaming,main,,
CSN Houston,csn-houston,CSN Houston,regional,regional,main,,
CW,cw,The CW,cw,broadcast,main,,
CW El Paso,cw,The CW,cw,broadcast,main,,
CW NETWORK,cw,The CW,cw,broadcast,main,,
KFRE CW59 Fresno,cw,The CW,cw,broadcast,main,,
KMYS CW35 (SA),cw,The CW,cw,broadcast,main,,
KMYS CW35 (San Antonio),cw,The CW,cw,broadcast,main,,
KMYS CW35 SA,cw,The CW,cw,broadcast,main,,
KMYS CW35 San Antonio,cw,The CW,cw,broadcast,main,,
KNVA (CW) Austin,cw,The CW,cw,broadcast,main,,
KNVA CW Austin,cw,The CW,cw,broadcast,main,,
KPXJ CW21 (Shreveport),cw,The CW,cw,broadcast,main,,
The CW,cw,The CW,cw,broadcast,main,,
The CW Network,cw,The CW,cw,broadcast,main,,
WCCB CW18 (CLT),cw,The CW,cw,broadcast,main,,
WCCB CW18 (Charlotte),cw,The CW,cw,broadcast,main,,
WCCT CW20 Hartford,cw,The CW,cw,broadcast,main,,
WQCW CW30 (WV),cw,The CW,cw,broadcast,main,,
cyclones.tv,cyclones-tv,Cyclones.TV,other,streaming,main,,
DTV 210-1,directv-college-sports,DirecTV College Sports package,other,other,main,,
DTV 210-2,directv-college-sports,DirecTV College Sports package,other,other,main,,
DTV 210-3,directv-college-sports,DirecTV College Sports package,other,other,main,,
DTV 210-4,directv-college-sports,DirecTV College Sports package,other,other,main,,
DTV 210-5,directv-college-sports,DirecTV College Sports package,other,other,main,,
DTV 210-6,directv-college-sports,DirecTV College Sports package,other,other,main,,
DTV 210-7,directv-college-sports,DirecTV College Sports package,other,other,main,,
DTV 610-1,directv-college-sports,DirecTV College Sports package,other,other,main,,
DTV 610-2,directv-college-sports,DirecTV College Sports package,other,other,main,,
Disney+,disney-plus,Disney+,disney,streaming,main,,
ELEVEN,eleven-sports,Eleven Sports Network,other,cable,main,,
Eleven,eleven-sports,Eleven Sports Network,other,cable,main,,
ESPN,espn,ESPN,disney,cable,main,,
ESPN (megacast),espn,ESPN,disney,cable,main,,
ESGP,espn-gameplan,ESPN GamePlan,disney,other,main,,
BIG12|ESPN+,espn-plus,ESPN+,disney,streaming,main,,
ESPN+,espn-plus,ESPN+,disney,streaming,main,,
ESPNM,espn-regional-insert,"ESPN Plus (regional insert package, pre-2018)",disney,regional,main,,
ESPNN,espn-regional-insert,"ESPN Plus (regional insert package, pre-2018)",disney,regional,main,,
ESPNRM,espn-regional-insert,"ESPN Plus (regional insert package, pre-2018)",disney,regional,main,,
ESPN Unlmtd,espn-unlimited,ESPN Unlimited,disney,streaming,main,,
ESPN2,espn2,ESPN2,disney,cable,main,,
ESPN College Extra,espn3,ESPN3,disney,streaming,main,,
ESPN3,espn3,ESPN3,disney,streaming,main,,
ESPNEWS,espnews,ESPNEWS,disney,cable,main,,
ESPNU,espnu,ESPNU,disney,cable,main,,
FCS Atlantic,fcs-regional-network,FCS regional syndication network,other,regional,main,,
FCS Central,fcs-regional-network,FCS regional syndication network,other,regional,main,,
FCS Pacific,fcs-regional-network,FCS regional syndication network,other,regional,main,,
FloSports,flosports,FloSports,other,streaming,main,,
FOX,fox,FOX,fox,broadcast,main,,
FOX*,fox,FOX,fox,broadcast,main,,
KVVU Fox 5 (LV),fox,FOX,fox,broadcast,main,,
WBRC FOX 6 (Birmingham),fox,FOX,fox,broadcast,main,,
WVAH FOX11 (WV),fox,FOX,fox,broadcast,main,,
WXIX FOX19 (Cincinnati),fox,FOX,fox,broadcast,main,,
FOX Sports 1,fs1,FS1,fox,cable,main,,
FS1,fs1,FS1,fox,cable,main,,
Fox Sports 1,fs1,FS1,fox,cable,main,,
FOX Sports 2,fs2,FS2,fox,cable,main,,
FS2,fs2,FS2,fox,cable,main,,
FS2**,fs2,FS2,fox,cable,main,,
Fox Sports 2,fs2,FS2,fox,cable,main,,
FSN,fsn-regional,Fox Sports Net (regional),fox,regional,main,,
FSN AZ,fsn-regional,Fox Sports Net (regional),fox,regional,main,,
FSN AZ+,fsn-regional,Fox Sports Net (regional),fox,regional,main,,
FSN Ariz,fsn-regional,Fox Sports Net (regional),fox,regional,main,,
FSN Ariz+,fsn-regional,Fox Sports Net (regional),fox,regional,main,,
FSN SD,fsn-regional,Fox Sports Net (regional),fox,regional,main,,
FSN SW+,fsn-regional,Fox Sports Net (regional),fox,regional,main,,
FSN regional,fsn-regional,Fox Sports Net (regional),fox,regional,main,,
Fox Sports SW,fsn-regional,Fox Sports Net (regional),fox,regional,main,,
Fox Sports SW+,fsn-regional,Fox Sports Net (regional),fox,regional,main,,
West,fsn-regional,Fox Sports Net (regional),fox,regional,main,,
Hawaii PPV,hawaii-ppv,Hawaii PPV,other,other,main,,
Hawaii PPV**,hawaii-ppv,Hawaii PPV,other,other,main,,
Jayhawk Network,jayhawk-network,Jayhawk Network,other,regional,main,,
K-StateHD,k-state-hd,K-StateHD,other,regional,main,,
KAIL 53 (Fresno),local-broadcast-affiliate,Local Broadcast Affiliate (unconfirmed parent network),other,broadcast,main,,
KASY 50 Albuquerque,local-broadcast-affiliate,Local Broadcast Affiliate (unconfirmed parent network),other,broadcast,main,,
KASY My50 (ABQ),local-broadcast-affiliate,Local Broadcast Affiliate (unconfirmed parent network),other,broadcast,main,,
KCDO 3 Denver,local-broadcast-affiliate,Local Broadcast Affiliate (unconfirmed parent network),other,broadcast,main,,
KCDO 3 Denver**,local-broadcast-affiliate,Local Broadcast Affiliate (unconfirmed parent network),other,broadcast,main,,
KCWX 2 (SA),local-broadcast-affiliate,Local Broadcast Affiliate (unconfirmed parent network),other,broadcast,main,,
KCWX 2 (San Antonio),local-broadcast-affiliate,Local Broadcast Affiliate (unconfirmed parent network),other,broadcast,main,,
KDAF 33 (DFW),local-broadcast-affiliate,Local Broadcast Affiliate (unconfirmed parent network),other,broadcast,main,,
KDBC 4 El Paso,local-broadcast-affiliate,Local Broadcast Affiliate (unconfirmed parent network),other,broadcast,main,,
KEYE 42 Austin,local-broadcast-affiliate,Local Broadcast Affiliate (unconfirmed parent network),other,broadcast,main,,
KFVE (Hawaii),local-broadcast-affiliate,Local Broadcast Affiliate (unconfirmed parent network),other,broadcast,main,,
KGPE 47 Fresno,local-broadcast-affiliate,Local Broadcast Affiliate (unconfirmed parent network),other,broadcast,main,,
KJZZ (SLC),local-broadcast-affiliate,Local Broadcast Affiliate (unconfirmed parent network),other,broadcast,main,,
KKTV My11.2 Colo Sprs,local-broadcast-affiliate,Local Broadcast Affiliate (unconfirmed parent network),other,broadcast,main,,
KMYU My TV Utah,local-broadcast-affiliate,Local Broadcast Affiliate (unconfirmed parent network),other,broadcast,main,,
KNSN (Reno),local-broadcast-affiliate,Local Broadcast Affiliate (unconfirmed parent network),other,broadcast,main,,
KSEE 24 (Fresno),local-broadcast-affiliate,Local Broadcast Affiliate (unconfirmed parent network),other,broadcast,main,,
KSEE 24 Fresno,local-broadcast-affiliate,Local Broadcast Affiliate (unconfirmed parent network),other,broadcast,main,,
KUSI (San Diego),local-broadcast-affiliate,Local Broadcast Affiliate (unconfirmed parent network),other,broadcast,main,,
KVIA 7 El Paso,local-broadcast-affiliate,Local Broadcast Affiliate (unconfirmed parent network),other,broadcast,main,,
WFSB 3 (Hartford),local-broadcast-affiliate,Local Broadcast Affiliate (unconfirmed parent network),other,broadcast,main,,
WGRZ 2 (Buff),local-broadcast-affiliate,Local Broadcast Affiliate (unconfirmed parent network),other,broadcast,main,,
WMC 5 (Memphis),local-broadcast-affiliate,Local Broadcast Affiliate (unconfirmed parent network),other,broadcast,main,,
WTOL 11 (Tol),local-broadcast-affiliate,Local Broadcast Affiliate (unconfirmed parent network),other,broadcast,main,,
WTOL 11 (Toledo),local-broadcast-affiliate,Local Broadcast Affiliate (unconfirmed parent network),other,broadcast,main,,
WTOL 11 Toledo,local-broadcast-affiliate,Local Broadcast Affiliate (unconfirmed parent network),other,broadcast,main,,
WTTA 38 (TB),local-broadcast-affiliate,Local Broadcast Affiliate (unconfirmed parent network),other,broadcast,main,,
WTTO 21 (B'ham),local-broadcast-affiliate,Local Broadcast Affiliate (unconfirmed parent network),other,broadcast,main,,
WTVZ My33 Norfolk,local-broadcast-affiliate,Local Broadcast Affiliate (unconfirmed parent network),other,broadcast,main,,
WUAB 43 (Cleveland),local-broadcast-affiliate,Local Broadcast Affiliate (unconfirmed parent network),other,broadcast,main,,
WUXP My30 Nashville,local-broadcast-affiliate,Local Broadcast Affiliate (unconfirmed parent network),other,broadcast,main,,
WWAX (Hartford),local-broadcast-affiliate,Local Broadcast Affiliate (unconfirmed parent network),other,broadcast,main,,
LHN,longhorn-network,Longhorn Network,disney,regional,main,,
Longhorn Network,longhorn-network,Longhorn Network,disney,regional,main,,
Longhorn Network Jayhawk Sports,longhorn-network,Longhorn Network,disney,regional,main,,
HBO Max,max,Max,wbd,streaming,main,,
Max,max,Max,wbd,streaming,main,,
MW+,mountain-west-network,Mountain West Network,conference,conference,main,,
MWC Digital,mountain-west-network,Mountain West Network,conference,conference,main,,
MWSN,mountain-west-network,Mountain West Network,conference,conference,main,,
Mountain West Digital,mountain-west-network,Mountain West Network,conference,conference,main,,
Mountain West Ntwk,mountain-west-network,Mountain West Network,conference,conference,main,,
Mtn West Network,mountain-west-network,Mountain West Network,conference,conference,main,,
NBC,nbc,NBC,nbc,broadcast,main,,
NBCS Bay Area,nbc-sports-bay-area,NBC Sports Bay Area,nbc,regional,main,,
NBCSN,nbcsn,NBCSN,nbc,cable,main,,
NESN,nesn,NESN,regional,regional,main,,
NESN+,nesn,NESN,regional,regional,main,,
NSN (Reno),nevada-sports-net,Nevada Sports Net,regional,regional,main,,
NFL,nfl-network,NFL Network,other,cable,main,,
NFL NET,nfl-network,NFL Network,other,cable,main,,
NFL Network,nfl-network,NFL Network,other,cable,main,,
NFLN,nfl-network,NFL Network,other,cable,main,,
Okla PPV,oklahoma-ppv,Oklahoma PPV,other,other,main,,
Oklahoma PPV,oklahoma-ppv,Oklahoma PPV,other,other,main,,
CST,other-unclassified,Unclassified outlet string,other,other,main,,
Cox Hampton Roads,other-unclassified,Unclassified outlet string,other,other,main,,
ERADM,other-unclassified,Unclassified outlet string,other,other,main,,
P12N,pac-12-network,Pac-12 Network,conference,conference,main,,
P12N (AZ),pac-12-network,Pac-12 Network,conference,conference,main,,
P12N (BA),pac-12-network,Pac-12 Network,conference,conference,main,,
P12N (OR),pac-12-network,Pac-12 Network,conference,conference,main,,
P12N (WA),pac-12-network,Pac-12 Network,conference,conference,main,,
P12N Bay Area,pac-12-network,Pac-12 Network,conference,conference,main,,
P12N Mountain,pac-12-network,Pac-12 Network,conference,conference,main,,
PAC12,pac-12-network,Pac-12 Network,conference,conference,main,,
PACN,pac-12-network,Pac-12 Network,conference,conference,main,,
Pac-12 Network,pac-12-network,Pac-12 Network,conference,conference,main,,
Pac-12 Network (Bay Area),pac-12-network,Pac-12 Network,conference,conference,main,,
Pac-12 Network (OR,pac-12-network,Pac-12 Network,conference,conference,main,,
Pac-12 Network (Rocky),pac-12-network,Pac-12 Network,conference,conference,main,,
Pac-12 Network (WA),pac-12-network,Pac-12 Network,conference,conference,main,,
WA),pac-12-network,Pac-12 Network,conference,conference,main,,
Paramount+,paramount-plus,Paramount+,cbs,streaming,main,,
Peacock,peacock,Peacock,nbc,streaming,main,,
AT&T SN (RM,root-att-sportsnet-mountain,Root Sports / AT&T SportsNet (Mountain),regional,regional,main,,
AT&T Sports (RM,root-att-sportsnet-mountain,Root Sports / AT&T SportsNet (Mountain),regional,regional,main,,
AT&T Sports (RM),root-att-sportsnet-mountain,Root Sports / AT&T SportsNet (Mountain),regional,regional,main,,
AT&T Sports (Rocky,root-att-sportsnet-mountain,Root Sports / AT&T SportsNet (Mountain),regional,regional,main,,
AT&T Sports (Rocky),root-att-sportsnet-mountain,Root Sports / AT&T SportsNet (Mountain),regional,regional,main,,
AT&T Sportsnet (Rocky),root-att-sportsnet-mountain,Root Sports / AT&T SportsNet (Mountain),regional,regional,main,,
NW,root-att-sportsnet-mountain,Root Sports / AT&T SportsNet (Mountain),regional,regional,main,,
NW),root-att-sportsnet-mountain,Root Sports / AT&T SportsNet (Mountain),regional,regional,main,,
ROOT Sports (Rocky,root-att-sportsnet-mountain,Root Sports / AT&T SportsNet (Mountain),regional,regional,main,,
ROOT Sports (Rocky & NW),root-att-sportsnet-mountain,Root Sports / AT&T SportsNet (Mountain),regional,regional,main,,
Root Sports (NW),root-att-sportsnet-mountain,Root Sports / AT&T SportsNet (Mountain),regional,regional,main,,
Root Sports (Rocky,root-att-sportsnet-mountain,Root Sports / AT&T SportsNet (Mountain),regional,regional,main,,
Root Sports (Rocky & NW),root-att-sportsnet-mountain,Root Sports / AT&T SportsNet (Mountain),regional,regional,main,,
Root Sports (Rocky),root-att-sportsnet-mountain,Root Sports / AT&T SportsNet (Mountain),regional,regional,main,,
Root Sports NW,root-att-sportsnet-mountain,Root Sports / AT&T SportsNet (Mountain),regional,regional,main,,
SW,root-att-sportsnet-mountain,Root Sports / AT&T SportsNet (Mountain),regional,regional,main,,
SW),root-att-sportsnet-mountain,Root Sports / AT&T SportsNet (Mountain),regional,regional,main,,
SW+,root-att-sportsnet-mountain,Root Sports / AT&T SportsNet (Mountain),regional,regional,main,,
AT&T Sports (Pitt),root-att-sportsnet-pittsburgh,Root Sports / AT&T SportsNet (Pittsburgh),regional,regional,main,,
AT&T Sportsnet (Pitt),root-att-sportsnet-pittsburgh,Root Sports / AT&T SportsNet (Pittsburgh),regional,regional,main,,
ROOT Sports (Pitt),root-att-sportsnet-pittsburgh,Root Sports / AT&T SportsNet (Pittsburgh),regional,regional,main,,
Root Sports (Pitt),root-att-sportsnet-pittsburgh,Root Sports / AT&T SportsNet (Pittsburgh),regional,regional,main,,
SEC NETWORK,sec-network,SEC Network,disney,conference,main,,
SEC Network,sec-network,SEC Network,disney,conference,main,,
SECN,sec-network,SEC Network,disney,conference,main,,
SECN Alt,sec-network,SEC Network,disney,conference,alt,,
SECN+,sec-network-plus,SEC Network+,disney,streaming,main,,
Silver State Sports,silver-state-sports,Silver State Sports,regional,regional,main,,
Silver State Sports (LV),silver-state-sports,Silver State Sports,regional,regional,main,,
Silver State Sports**,silver-state-sports,Silver State Sports,regional,regional,main,,
SNY,sny,SNY,regional,regional,main,,
soonersports.tv,soonersports-tv,SoonerSports.TV,other,streaming,main,,
Spectrum Hawaii,spectrum-sports-regional,Spectrum Sports (regional),regional,regional,main,,
Spectrum Ohio,spectrum-sports-regional,Spectrum Sports (regional),regional,regional,main,,
Spectrum Sports Texas,spectrum-sports-regional,Spectrum Sports (regional),regional,regional,main,,
Spectrum Texas,spectrum-sports-regional,Spectrum Sports (regional),regional,regional,main,,
SportSouth,sportsouth,Fox Sports South (SportSouth),fox,regional,main,,
Stadium,stadium,Stadium,other,streaming,main,,
Stadium (Facebook),stadium,Stadium,other,streaming,main,,
Stadium (app only),stadium,Stadium,other,streaming,main,,
Stadium (iOS app only),stadium,Stadium,other,streaming,main,,
Stadium RSNs,stadium,Stadium,other,streaming,main,,
Stadium**,stadium,Stadium,other,streaming,main,,
Sun Sports,sun-sports,Sun Sports,fox,regional,main,,
SWX (Spokane),swx-spokane,SWX Sports (Spokane),regional,regional,main,,
TBS,tbs,TBS,wbd,cable,main,,
Team1Sports,team-1-sports,Team 1 Sports,other,regional,main,,
Time Warner NY,time-warner-cable-sports,Time Warner Cable Sports,regional,regional,main,,
Time Warner Texas,time-warner-cable-sports,Time Warner Cable Sports,regional,regional,main,,
TNT,tnt,TNT,wbd,cable,main,,
TruTV,trutv,truTV,wbd,cable,main,,
truTV,trutv,truTV,wbd,cable,main,,
uconnhuskies.com,uconn-huskies-tv,UConnHuskies.TV,other,streaming,main,,
uconnhuskies.tv,uconn-huskies-tv,UConnHuskies.TV,other,streaming,main,,
UConn+,uconn-plus,UConn+,other,streaming,main,,
UniMas Fresno,unimas,UniMas,other,broadcast,spanish,,
1,unlisted,Not Televised / Unlisted,other,other,main,,
23,unlisted,Not Televised / Unlisted,other,other,main,,
CANCELLED,unlisted,Not Televised / Unlisted,other,other,main,,
POSTPONED,unlisted,Not Televised / Unlisted,other,other,main,,
POSTPONED TO 12,unlisted,Not Televised / Unlisted,other,other,main,,
POSTPONED to 11,unlisted,Not Televised / Unlisted,other,other,main,,
POSTPONED to Oct. 7,unlisted,Not Televised / Unlisted,other,other,main,,
PPV,unlisted,Not Televised / Unlisted,other,other,main,,
cancelled,unlisted,Not Televised / Unlisted,other,other,main,,
USA,usa-network,USA Network,nbc,cable,main,,
USA Net,usa-network,USA Network,nbc,cable,main,,
USA Network,usa-network,USA Network,nbc,cable,main,,
wvusports.com,wvusports-com,WVUsports.com,other,streaming,main,,
