network_id,rarely_rated
abc,false
acc-network,true
acc-network-extra,false
acc-network-legacy,true
altitude-sports,false
american-sports-network,true
bally-sports-regional,false
barstool-sports,false
bein-sports,false
big-ten-network,true
buckeye-cable-sports,false
byutv,false
campus-insiders,false
cbs,false
cbs-sports-facebook,false
cbs-sports-network,true
cnbc,false
comcast-sportsnet-nm,false
conference-usa-digital,true
csn-houston,false
cw,false
cyclones-tv,false
directv-college-sports,false
disney-plus,false
eleven-sports,false
espn,false
espn-gameplan,false
espn-plus,true
espn-regional-insert,false
espn-unlimited,false
espn2,false
espn3,true
espnews,true
espnu,false
fcs-regional-network,false
flosports,false
fox,false
fs1,false
fs2,true
fsn-regional,true
hawaii-ppv,false
jayhawk-network,false
k-state-hd,false
local-broadcast-affiliate,true
longhorn-network,false
max,false
mountain-west-network,true
nbc,false
nbc-sports-bay-area,false
nbcsn,false
nesn,false
nevada-sports-net,false
nfl-network,true
oklahoma-ppv,false
other-unclassified,false
pac-12-network,true
paramount-plus,false
peacock,true
root-att-sportsnet-mountain,true
root-att-sportsnet-pittsburgh,false
sec-network,true
sec-network-plus,false
silver-state-sports,false
sny,false
soonersports-tv,false
spectrum-sports-regional,false
sportsouth,false
stadium,true
sun-sports,false
swx-spokane,false
tbs,false
team-1-sports,true
time-warner-cable-sports,false
tnt,false
trutv,false
uconn-huskies-tv,false
uconn-plus,false
unimas,false
usa-network,false
wvusports-com,false
