person_id,canonical_name,variants,usual_role,role_override
a-j-hawk,A.J. Hawk,A.J. Hawk|AJ Hawk,analyst,
aaron-goldsmith,Aaron Goldsmith,Aaron Goldsmith,pbp,
aaron-murray,Aaron Murray,Aaron Murray,analyst,
aaron-taylor,Aaron Taylor,Aaron Taylor,analyst,
adam-alexander,Adam Alexander,Adam Alexander,pbp,
adam-amin,Adam Amin,Adam Amin,pbp,
adam-archuleta,Adam Archuleta,Adam Archuleta,analyst,
adam-breneman,Adam Breneman,Adam Breneman,analyst,
adam-brenemen,Adam Brenemen,Adam Brenemen,analyst,
adam-brenneman,Adam Brenneman,Adam Brenneman,unknown,
adam-young,Adam Young,Adam Young,unknown,
ahmad-brooks,Ahmad Brooks,Ahmad Brooks,analyst,
ahman-green,Ahman Green,Ahman Green,analyst,
aj-kanell,AJ Kanell,A.J. Kanell|AJ Kanell,pbp,
aj-ricketts,AJ Ricketts,AJ Ricketts,pbp,
al-groh,Al Groh,Al Groh,analyst,
alex-brink,Alex Brink,Alex Brink,unknown,
alex-del-barrio,Alex Del Barrio,Alex Del Barrio,pbp,
alex-faust,Alex Faust,Alex Faust,pbp,
alex-perlman,Alex Perlman,Alex Perlman,unknown,
allen-bestwick,Allen Bestwick,Allen Bestwick,pbp,
andre-ware,Andre Ware,Andre Ware,analyst,
andrew-catalon,Andrew Catalon,Andrew Catalon,pbp,
andrew-siciliano,Andrew Siciliano,Andrew Siciliano,pbp,
andy-mashaw,Andy Mashaw,Andy Mashaw,analyst,
anish-shroff,Anish Shroff,Anish Shroff,pbp,
anthony-becht,Anthony Becht,Anthony Becht,analyst,
anthony-herron,Anthony Herron,Anthony Herron,analyst,
anthony-lapanta,Anthony LaPanta,Anthony LaPanta,pbp,
anthony-lima,Anthony Lima,Anthony Lima,pbp,
ari-wolfe,Ari Wolfe,Ari Wolfe,pbp,
arthur-moats,Arthur Moats,Arthur Moats,unknown,
ashley-shahahmadi,Ashley ShahAhmadi,Ashley ShahAhmadi,unknown,
austin-davis,Austin Davis,Austin Davis,unknown,
avery-hall,Avery Hall,Avery Hall,analyst,
barrett-brooke,Barrett Brooke,Barrett Brooke|Barrett Brooks,unknown,
barrett-jones,Barrett Jones,Barrett Jones,unknown,
ben-dinucci,Ben DiNucci,Ben DiNucci,analyst,
ben-holden,Ben Holden,Ben Holden,pbp,
ben-leber,Ben Leber,Ben Leber,analyst,
ben-stanfield,Ben Stanfield,Ben Stanfield,analyst,
ben-wagner,Ben Wagner,Ben Wagner,unknown,
beth-mowins,Beth Mowins,Beth Mowins,pbp,
bill-hazen,Bill Hazen,Bill Hazen,unknown,
bill-roth,Bill Roth,Bill Roth,pbp,
bill-spaulding,Bill Spaulding,Bill Spaulding,pbp,
blaine-fowler,Blaine Fowler,Blaine Fowler,analyst,
bob-belvin,Bob Belvin,Bob Belvin,unknown,
bob-chmeil,Bob Chmeil,Bob Chmeil,analyst,
bob-chmiel,Bob Chmiel,Bob Chmiel,unknown,
bob-davie,Bob Davie,Bob Davie,analyst,
bob-generelli,Bob Generelli,Bob Generelli,analyst,
bob-gennarelli,Bob Gennarelli,Bob Gennarelli,unknown,
bob-picozzi,Bob Picozzi,Bob Picozzi,pbp,
bob-rathbun,Bob Rathbun,Bob Rathbun,pbp,
bob-wischusen,Bob Wischusen,Bob Wischusen,pbp,
bobbie-bohlig,Bobbie Bohlig,Bobbie Bohlig,unknown,
bobby-carpenter,Bobby Carpenter,Bob Carpenter|Bobby Carpenter,analyst,
booger-mcfarland,Booger McFarland,Booger McFarland,unknown,
brad-hopkins,Brad Hopkins,Brad Hopkins,analyst,
brad-johansen,Brad Johansen,Brad Johansen,pbp,
brad-nessler,Brad Nessler,Brad Nessler,pbp,
brad-thompson,Brad Thompson,Brad Thompson,unknown,
brady-quinn,Brady Quinn,Brady Quinn,analyst,
brandon-gaudin,Brandon Gaudin,Brandon Gaudin,pbp,
brandon-jacobs,Brandon Jacobs,Brandon Jacobs,analyst,
brandon-weeden,Brandon Weeden,Brandon Weeden,analyst,
brant-freeman,Brant Freeman,Brant Freeman,pbp,
brendan-burke,Brendan Burke,Brendan Burke,pbp,
brent-blum,Brent Blum,Brent Blum,unknown,
brent-musburger,Brent Musburger,Brent Musburger,pbp,
brett-dolan,Brett Dolan,Brett Dolan,pbp,
brett-hundley,Brett Hundley,Brett Hundley,unknown,
brett-romberg,Brett Romberg,Brett Romberg,analyst,
brian-baldinger,Brian Baldinger,Brian Baldinger,analyst,
brian-barlow,Brian Barlow,Brian Barlow,analyst,
brian-custer,Brian Custer,Brian Custer,pbp,
brian-estridge,Brian Estridge,Brian Estridge,unknown,
brian-genard,Brian Genard,Brian Genard,unknown,
brian-griese,Brian Griese,Brain Griese|Brian Griese,analyst,
brian-hartsock,Brian Hartsock,Ben Hartsock|Brian Hartsock,unknown,
brian-jordan,Brian Jordan,Brian Jordan,analyst,
brian-kelly,Brian Kelly,Brian Kelly,unknown,
brian-kinchen,Brian Kinchen,Brian Kinchen,analyst,
brian-roth,Brian Roth,Brian Roth,pbp,
brian-smoller,Brian Smoller,Brian Smoller,unknown,
brock-bowling,Brock Bowling,Brock Bowling,pbp,
brock-huard,Brock Huard,Brock Huard,analyst,
brock-osweiler,Brock Osweiler,Brock Osweiler,analyst,
brock-vereen,Brock Vereen,Brock Vereen,analyst,
brooks-bollinger,Brooks Bollinger,Brooks Bollinger,unknown,
byron-chamberlain,Byron Chamberlain,Byron Chamberlain,unknown,
byron-kerr,Byron Kerr,Byron Kerr,unknown,
caleb-herring,Caleb Herring,Caleb Herring,unknown,
caleb-oneal,Caleb O'Neal,Caleb O'Neal,unknown,
carlo-jimenez,Carlo Jimenez,Carlo Jimenez|Carlo Jiménez,pbp,
carter-blackburn,Carter Blackburn,Carter Blackburn,pbp,
chad-brown,Chad Brown,Chad Brown,analyst,
chad-bush,Chad Bush,Chad Bush,unknown,
chad-mckee,Chad McKee,Chad McKee,pbp,
charles-arbuckle,Charles Arbuckle,Charles Arbuckle,analyst,
charles-davis,Charles Davis,Charles Davis,analyst,
charlie-neal,Charlie Neal,Charlie Neal,unknown,
charlie-strong,Charlie Strong,Charlie Strong,analyst,
chase-daniel,Chase Daniel,Chase Daniel,analyst,
chick-hernandez,Chick Hernandez,Chick Hernandez,pbp,
chip-caray,Chip Caray,Chip Caray,unknown,
chip-tarkenton,Chip Tarkenton,Chip Tarkenton,pbp,
chris-carlin,Chris Carlin,Chris Carlin,pbp,
chris-cotter,Chris Cotter,Chris Cotter,pbp,
chris-denari,Chris Denari,Chris Denari,pbp,
chris-doering,Chris Doering,Chris Doering,analyst,
chris-elliott,Chris Elliott,Chris Elliott,pbp,
chris-fisher,Chris Fisher,Chris Fisher,pbp,
chris-fowler,Chris Fowler,Chris Fowler,pbp,
chris-harris,Chris Harris,Chris Harris,unknown,
chris-hassel,Chris Hassel,Chris Hassel,pbp,
chris-lanaux,Chris Lanaux,Chris Lanaux,unknown,
chris-lewis,Chris Lewis,Chris Lewis,pbp,
chris-mycoskie,Chris Mycoskie,Chris Mycoskie,analyst,
chris-myers,Chris Myers,Chris Myers,pbp,
chris-simms,Chris Simms,Chris Simms,analyst,
chris-spielman,Chris Spielman,Chris Spielman,analyst,
chris-sylvester,Chris Sylvester,Chris Sylvester,pbp,
chris-vargas,Chris Vargas,Chris Vargas,unknown,
chris-vosters,Chris Vosters,Chris Vosters,pbp,
christian-fauria,Christian Fauria,Christian Fauria,analyst,
christian-ponder,Christian Ponder,Christian Ponder,analyst,
chuck-long,Chuck Long,Chuck Long,analyst,
chuckie-kempf,Chuckie Kempf,Chuckie Kempf,pbp,
clay-matvick,Clay Matvick,Clay Matvick,pbp,
clint-stoerner,Clint Stoerner,Clint Stoerner,analyst,
cody-kessler,Cody Kessler,Cody Kessler,unknown,
cole-cubelic,Cole Cubelic,Cole Cubelic,analyst,
cole-neely,Cole Neely,Cole Neely,analyst,
colt-mccoy,Colt McCoy,Colt McCoy,analyst,
connor-onion,Connor Onion,Connor Onion,pbp,
cooper-boardman,Cooper Boardman,Cooper Boardman,pbp,
corey-brooks,Corey Brooks,Corey Brooks,unknown,
corey-chavous,Corey Chavous,Corey Chavous,analyst,
corey-simon,Corey Simon,Corey Simon,unknown,
cory-provous,Cory Provous,Cory Provous,pbp,
cory-provus,Cory Provus,Cory Provus,pbp,
courtney-lyle,Courtney Lyle,Courtney Lyle,pbp,
coy-wire,Coy Wire,Coy Wire,analyst,
craig-bolerjack,Craig Bolerjack,Craig Bolerjack,pbp,
craig-haubert,Craig Haubert,Craig Haubert,analyst,
craig-minervini,Craig Minervini,Craig Minervini,unknown,
curt-dudley,Curt Dudley,Curt Dudley,pbp,
curtis-bahm,Curtis Bahm,Curtis Bahm,analyst,
dallas-clark,Dallas Clark,Dallas Clark,unknown,
dan-gutowsky,Dan Gutowsky,Dan Gutowsky,pbp,
dan-hawkins,Dan Hawkins,Dan Hawkins,analyst,
dan-hellie,Dan Hellie,Dan Hellie,pbp,
dan-hicks,Dan Hicks,Dan Hicks,pbp,
dan-mcdonald,Dan McDonald,Dan McDonald,pbp,
dan-mullen,Dan Mullen,Dan Mullen,analyst,
dan-orlovsky,Dan Orlovsky,Dan Orlovsky,analyst,
dan-persa,Dan Persa,Dan Persa,unknown,
danan-hughes,Danan Hughes,Danan Hughes,analyst,
danny-kanell,Danny Kanell,Danny Kanell,analyst,
danny-kannell,Danny Kannell,Danny Kannell,analyst,
danny-knee,Danny Knee,Danny Knee,analyst,
danny-waugh,Danny Waugh,Danny Waugh,pbp,
darius-walker,Darius Walker,Darius Walker,analyst,
daron-sutton,Daron Sutton,Daron Sutton,unknown,
darren-goldwater,Darren Goldwater,Darren Goldwater,pbp,
dave-archer,Dave Archer,Dave Archer|David Archer,analyst,
dave-armstrong,Dave Armstrong,Dave Armstrong,pbp,
dave-baker,Dave Baker,Dave Baker,unknown,
dave-clawson,Dave Clawson,Dave Clawson,analyst,
dave-flemming,Dave Flemming,Dave Flemming,pbp,
dave-lamont,Dave Lamont,Dave Lamont,pbp,
dave-lapham,Dave Lapham,Dave Lapham,analyst,
dave-leno,Dave Leno,Dave Leno,pbp,
dave-mccann,Dave McCann,Dave McCann,pbp,
dave-neal,Dave Neal,Dave Neal|David Neal,pbp,
dave-obrien,Dave O'Brien,Dave O'Brien|Dave O’Brien,pbp,
dave-pasch,Dave Pasch,Dave Pasch,pbp,
dave-popkin,Dave Popkin,Dave Popkin,unknown,
dave-raymond,Dave Raymond,Dave Raymond,pbp,
dave-revsine,Dave Revsine,Dave Revsine,pbp,
dave-ryan,Dave Ryan,Dave Ryan,pbp,
dave-steckel,Dave Steckel,Dave Steckel,analyst,
dave-wannstedt,Dave Wannstedt,Dave Wannstedt,unknown,
dave-weekley,Dave Weekley,Dave Weekley,pbp,
david-anderson,David Anderson,David Anderson,analyst,
david-diaz-infante,David Diaz-Infante,David Diaz-Infante,analyst,
david-diehl,David Diehl,David Diehl,analyst,
david-fales,David Fales,David Fales,unknown,
david-hulvey,David Hulvey,David Hulvey,unknown,
david-jackson,David Jackson,David Jackson,pbp,
david-pollack,David Pollack,David Pollack,unknown,
david-saltzman,David Saltzman,David Saltzman,pbp,
david-wilson,David Wilson,David Wilson|Davis Wilson,pbp,
demarco-murray,DeMarco Murray,DeMarco Murray,unknown,
derek-mason,Derek Mason,Derek Mason,analyst,
derek-rackley,Derek Rackley,Derek Rackley,analyst,
desmond-howard,Desmond Howard,Desmond Howard,analyst,
desmund-lighten,Desmund Lighten,Desmund Lighten,unknown,
deuce-mccallister,Deuce McCallister,Deuce McAllister|Deuce McCallister,analyst,
devin-gardner,Devin Gardner,Devin Gardner,analyst,
dick-stockton,Dick Stockton,Dick Stockton,unknown,
dirk-koetter,Dirk Koetter,Dirk Koetter,unknown,
dj-shockley,DJ Shockley,DJ Shockley,analyst,
doc-holiday,Doc Holiday,Doc Holiday,analyst,
doc-holliday,Doc Holliday,Doc Holliday,analyst,
don-harris,Don Harris,Don Harris,unknown,
donte-whitner,Donte Whitner,Donte Whitner,analyst,
dontrell-moore,DonTrell Moore,DonTrell Moore,unknown,
doug-anderson,Doug Anderson,Doug Anderson,unknown,
doug-chapman,Doug Chapman,Doug Chapman,analyst,
doug-flutie,Doug Flutie,Doug Flutie,analyst,
doug-graber,Doug Graber,Doug Graber,analyst,
doug-pederson,Doug Pederson,Doug Pederson,unknown,
doug-sherman,Doug Sherman,Doug Sherman,pbp,
drew-brees,Drew Brees,Drew Brees,analyst,
drew-carter,Drew Carter,Drew Carter,pbp,
drew-fellios,Drew Fellios,Drew Fellios,pbp,
drew-goodman,Drew Goodman,Drew Goodman,pbp,
dustin-fox,Dustin Fox,Dustin Fox,analyst,
dusty-dvoracek,Dusty Dvoracek,Dusty Dvoracek,analyst,
dwayne-ballen,Dwayne Ballen,Dwayne Ballen,pbp,
eamon-mcananey,Eamon McAnaney,Eamon McAnaney,pbp,
ed-cohen,Ed Cohen,Ed Cohen,pbp,
ed-cunningham,Ed Cunningham,Ed Cunningham,analyst,
eddie-royal,Eddie Royal,Eddie Royal,analyst,
eli-gold,Eli Gold,Eli Gold,pbp,
elise-woodward,Elise Woodward,Elise Woodward,pbp,
emmanuel-acho,Emmanuel Acho,Emmanuel Acho,unknown,
emory-hunt,Emory Hunt,Emory Hunt,analyst,
eric-clemons,Eric Clemons,Eric Clemons,unknown,
eric-collins,Eric Collins,Eric Collins,pbp,
eric-crouch,Eric Crouch,Eric Crouch,analyst,
eric-davis,Eric Davis,Eric Davis,analyst,
eric-frede,Eric Frede,Eric Frede,pbp,
eric-mac-lain,Eric Mac Lain,Eric Mac Lain,analyst,
eric-maclain,Eric MacLain,Eric MacLain,analyst,
eric-mouton,Eric Mouton,Eric Mouton,analyst,
eric-rothman,Eric Rothman,Eric Rothman,pbp,
eric-wood,Eric Wood,Eric Wood,analyst,
erik-coleman,Erik Coleman,Erik Coleman,analyst,
evan-lepler,Evan Lepler,Evan Lepler,pbp,
evan-moore,Evan Moore,Evan Moore,analyst,
evan-stockton,Evan Stockton,Evan Stockton,pbp,
forrest-connoly,Forrest Connoly,Forest Conoly|Forrest Connoly|Forrest Conoly,analyst,
fozzy-whitaker,Fozzy Whitaker,Fozzie Whittaker|Fozzy Whitaker|Fozzy Whittaker,unknown,
fran-charles,Fran Charles,Fran Charles,pbp,
frank-giardina,Frank Giardina,Frank Giardina,unknown,
frank-sulkowski,Frank Sulkowski,Frank Sulkowski,unknown,
gary-danielson,Gary Danielson,Gary Danielson,analyst,
gary-reasons,Gary Reasons,Gary Reasons,analyst,
gene-chizik,Gene Chizik,Gene Chizik,analyst,
george-wrighster,George Wrighster,George Wrighster,analyst,
george-wrightster,George Wrightster,George Wrightster,unknown,
glen-cerny,Glen Cerny,Glen Cerny,unknown,
glen-mason,Glen Mason,Glen Mason|Len Mason,analyst,
glenn-parker,Glenn Parker,Glen Parker|Glenn Parker,analyst,
graham-doty,Graham Doty,Graham Doty,unknown,
greg-camarillo,Greg Camarillo,Greg Camarillo,analyst,
greg-franke,Greg Franke,Greg Franke,unknown,
greg-gaston,Greg Gaston,Greg Gaston,unknown,
greg-heister,Greg Heister,Greg Heister,unknown,
greg-mcelroy,Greg McElroy,Greg McElroy,analyst,
greg-wolf,Greg Wolf,Greg Wolf,pbp,
gus-johnson,Gus Johnson,Gus Johnson,pbp,
guy-haberman,Guy Haberman,Guy Haberman,pbp,
harry-lyles-jr,Harry Lyles Jr.,Harry Lyles Jr.,unknown,
henry-burris,Henry Burris,Henry Burris,analyst,
howard-griffith,Howard Griffith,Howard Griffith,unknown,
hutson-mason,Hutson Mason,Hudson Mason|Huston Mason|Hutson Mason,analyst,
ian-book,Ian Book,Ian Book,unknown,
j-leman,J Leman,J Leman|J. Leman,analyst,
j-r-tolver,J.R. Tolver,J.R. Tolver,unknown,
jac-collinsworth,Jac Collinsworth,Jac Collinsworth,pbp,
jack-benjamin,Jack Benjamin,Jack Benjamin,pbp,
jack-ford,Jack Ford,Jack Ford,analyst,
jack-gordon,Jack Gordon,Jack Gordon,pbp,
jack-kizer,Jack Kizer,Jack Kizer,pbp,
jack-mcmullen,Jack McMullen,Jack McMullen,unknown,
jake-butt,Jake Butt,Jake Butt,analyst,
jake-rose,Jake Rose,Jake Rose,pbp,
james-bates,James Bates,James Bates,analyst,
james-jones,James Jones,James Jones,analyst,
james-laurinatis,James Laurinatis,James Laurinaitis|James Laurinatis,unknown,
james-westling,James Westling,James Westling,pbp,
jared-greenberg,Jared Greenberg,Jared Greenberg,unknown,
jared-thomas,Jared Thomas,Jared Thomas,analyst,
jason-baker,Jason Baker,Jason Baker,pbp,
jason-benetti,Jason Benetti,Jason Benetti,pbp,
jason-cabinda,Jason Cabinda,Jason Cabinda,analyst,
jason-garrett,Jason Garrett,Jason Garrett,analyst,
jason-horowitz,Jason Horowitz,Jason Horowitz,pbp,
jason-knapp,Jason Knapp,Jason Knapp,pbp,
jason-mccourty,Jason McCourty,Jason McCourty,analyst,
jason-ross,Jason Ross,Jason Ross,pbp,
jason-ross-jr,Jason Ross Jr.,Jason Ross Jr|Jason Ross Jr.,pbp,
jay-alter,Jay Alter,Jay Alter,pbp,
jay-feely,Jay Feely,Jay Feely,analyst,
jay-howard,Jay Howard,Jay Howard,unknown,
jay-sonnhalter,Jay Sonnhalter,Jay Sonnhalter,analyst,
jay-taylor,Jay Taylor,Jay Taylor,analyst,
jay-walker,Jay Walker,Jay Walker,analyst,
jayson-foster,Jayson Foster,Jayson Foster,unknown,
jb-long,JB Long,J.B Long|J.B. Long|JB Long,pbp,
jc-pearson,JC Pearson,JC Pearson,analyst,
jd-byars,JD Byars,JD Byars,unknown,
jeff-burger,Jeff Burger,Jeff Burger,analyst,
jeff-hem,Jeff Hem,Jeff Hem,pbp,
jeff-levering,Jeff Levering,Jeff Levering,pbp,
jeff-mccarragher,Jeff McCarragher,Jeff McCarragher,pbp,
jeff-siembieda,Jeff Siembieda,Jeff Siembieda,pbp,
jeff-woody,Jeff Woody,Jeff Woody,analyst,
jeremy-bloom,Jeremy Bloom,Jeremy Bloom,analyst,
jeremy-kellem,Jeremy Kellem,Jeremy Kellem,analyst,
jerod-cherry,Je'Rod Cherry,Je'Rod Cherry|Je'rod Cherry|JeRod Cherry|Jerod Cherry|Je’Rod Cherry|Je’rod Cherry,analyst,
jesse-palmer,Jesse Palmer,Jesse Palmer|Jessie Palmer,analyst,
jim-barbar,Jim Barbar,Jim Barbar,pbp,
jim-donnan,Jim Donnan,Jim Donnan,analyst,
jim-grobe,Jim Grobe,Jim Grobe,analyst,
jim-kozimor,Jim Kozimor,Jim Kozimor,unknown,
jim-miller,Jim Miller,Jim Miller,analyst,
jim-mora,Jim Mora,Jim Mora,analyst,
jim-mora-jr,Jim Mora Jr.,Jim Mora Jr.,unknown,
jim-sorgi,Jim Sorgi,Jim Sorgi,unknown,
jim-watson,Jim Watson,Jim Watson,pbp,
jimbo-fisher,Jimbo Fisher,Jimbo Fisher,unknown,
joe-beninati,Joe Beninati,Joe Beninati,pbp,
joe-davis,Joe Davis,Joe Davis,pbp,
joe-jauch,Joe Jauch,Joe Jauch,analyst,
joe-tessitore,Joe Tessitore,Joe Tessitore,pbp,
joe-tordy,Joe Tordy,Joe Tordy,pbp,
joel-klatt,Joel Klatt,Joel Klatt,analyst,
joel-meyers,Joel Meyers,Joel Meyers,pbp,
joey-galloway,Joey Galloway,Joey Galloway,analyst,
joey-harrington,Joey Harrington,Joey Harrington,analyst,
joey-lindstrom,Joey Lindstrom,Joey Lindstrom,pbp,
john-brickley,John Brickley,John Brickley,pbp,
john-cognemi,John Cognemi,John Cognemi|John Congemi,unknown,
john-gregory,John Gregory,John Gregory,analyst,
john-ross,John Ross,John Ross,unknown,
john-sadak,John Sadak,John Sadak,pbp,
john-schaeffer,John Schaeffer,John Schaeffer,unknown,
john-schriffen,John Schriffen,John Schriffen,pbp,
john-strong,John Strong,John Strong,pbp,
jon-anik,Jon Anik,Jon Anik,unknown,
jon-vilma,Jon Vilma,Jon Vilma|Jonathan Vilma,unknown,
jonathan-yardley,Jonathan Yardley,Jonathan Yardley,unknown,
jordan-kent,Jordan Kent,Jordan Kent,pbp,
jordan-palmer,Jordan Palmer,Jordan Palmer,analyst,
jordan-reid,Jordan Reid,Jordan Reid,analyst,
jordan-rodgers,Jordan Rodgers,Jordan Rodgers,analyst,
jordan-rogers,Jordan Rogers,Jordan Rogers,unknown,
jorge-sedano,Jorge Sedano,Jorge Sedano,pbp,
josh-appel,Josh Appel,Josh Appel,pbp,
josh-howe,Josh Howe,Josh Howe,unknown,
josh-lewin,Josh Lewin,Josh Lewin,pbp,
joshua-perry,Joshua Perry,Joshua Perry,analyst,
justin-allegri,Justin Allegri,Justin Allegri,pbp,
justin-beasley,Justin Beasley,Justin Beasley,unknown,
justin-kutcher,Justin Kutcher,Justin Kutcher,pbp,
kanoa-leahey,Kanoa Leahey,Kanoa Leahey,unknown,
kate-scott,Kate Scott,Kate Scott,pbp,
keith-morehouse,Keith Morehouse,Keith Morehouse,unknown,
keith-moreland,Keith Moreland,Keith Moreland,analyst,
keith-moreland-dave-stewart,Keith Moreland Dave Stewart,Keith Moreland Dave Stewart,unknown,
kelly-stouffer,Kelly Stouffer,Kelly Stouffer,analyst,
kelsie-kaspar,Kelsie Kaspar,Kelsie Kaspar,unknown,
kelsie-kasper,Kelsie Kasper,Kelsie Kasper,pbp,
ken-dudek,Ken Dudek,Ken Dudek,unknown,
ken-dunek,Ken Dunek,Ken Dunek,analyst,
kenechi-udeze,Kenechi Udeze,Kenechi Udeze,analyst,
kevin-brown,Kevin Brown,Kevin Brown,pbp,
kevin-calabro,Kevin Calabro,Kevin Calabro,pbp,
kevin-connors,Kevin Connors,Kevin Connors,pbp,
kevin-corke,Kevin Corke,Kevin Corke,unknown,
kevin-dunn,Kevin Dunn,Kevin Dunn,pbp,
kevin-fitzgerald,Kevin Fitzgerald,Kevin Fitzgerald,pbp,
kevin-gilbride,Kevin Gilbride,Kevin Gilbride,unknown,
kevin-kugler,Kevin Kugler,Kevin Kugler,pbp,
kevin-negandhi,Kevin Negandhi,Kevin Negandhi,pbp,
kevin-oconnell,Kevin O'Connell,Kevin O'Connell,analyst,
kevin-weidl,Kevin Weidl,Kevin Weidl,analyst,
kirk-herbstreit,Kirk Herbstreit,Kirk Herbstreit,analyst,
kirk-morrison,Kirk Morrison,Kirk Morrison,analyst,
kyle-long,Kyle Long,Kyle Long,analyst,
kyle-rudolph,Kyle Rudolph,Kyle Rudolph,analyst,
kyle-youmans,Kyle Youmans,Kyle Youmans,unknown,
ladarrin-mclane,LaDarrin McLane,LaDarrin McLane,analyst,
lance-briggs,Lance Briggs,Lance Briggs,unknown,
larry-boyd,Larry Boyd,Larry Boyd,unknown,
leger-douzable,Leger Douzable,Leger Douzable,analyst,
les-miles,Les Miles,Les Miles,unknown,
lincoln-kennedy,Lincoln Kennedy,Lincoln Kennedy,analyst,
lincoln-rose,Lincoln Rose,Lincoln Rose,pbp,
lisa-byington,Lisa Byington,Lisa Byington,pbp,
logan-ryan,Logan Ryan,Logan Ryan,analyst,
lou-holtz,Lou Holtz,Lou Holtz,unknown,
louis-riddick,Louis Riddick,Louis Riddick,analyst,
lowell-galindo,Lowell Galindo,Lowell Galindo,pbp,
luke-kuechly,Luke Kuechly,Luke Kuechly,analyst,
lyn-rollins,Lyn Rollins,Lyn Rollins,pbp,
mack-brown,Mack Brown,Mack Brown,analyst,
malik-zaire,Malik Zaire,Malik Zaire,analyst,
marc-bulger,Marc Bulger,Marc Bulger,unknown,
marc-kestecher,Marc Kestecher,Marc Kestecher,unknown,
marcel-reece,Marcel Reece,Marcel Reece,analyst,
marcel-reese,Marcel Reese,Marcel Reese,unknown,
marcus-ray,Marcus Ray,Marcus Ray,analyst,
mark-driscoll,Mark Driscoll,Mark Driscoll,analyst,
mark-followill,Mark Followill,Mark Followill,pbp,
mark-helfich,Mark Helfich,Mark Helfich|Mark Helfrich,unknown,
mark-herrman,Mark Herrman,Mark Herrman,unknown,
mark-herrmann,Mark Herrmann,Mark Herrmann,analyst,
mark-herzlich,Mark Herzlich,Mark Herzlich,analyst,
mark-jones,Mark Jones,Mark Jones,pbp,
mark-martin,Mark Martin,Mark Martin,unknown,
mark-may,Mark May,Mark May,unknown,
mark-neely,Mark Neely,Mark Neely,pbp,
mark-vereen,Mark Vereen,Mark Vereen,unknown,
marshall-newhouse,Marshall Newhouse,Marshall Newhouse,unknown,
marty-smith,Marty Smith,Marty Smith,unknown,
mason-lowry,Mason Lowry,Mason Lowry,unknown,
matt-barkley,Matt Barkley,Matt Barkley,unknown,
matt-barrie,Matt Barrie,Matt Barrie,pbp,
matt-cassel,Matt Cassel,Matt Cassel,unknown,
matt-chatham,Matt Chatham,Matt Chatham,analyst,
matt-chazanow,Matt Chazanow,Matt Chazanow,unknown,
matt-devlin,Matt Devlin,Matt Devlin,pbp,
matt-hasselbeck,Matt Hasselbeck,Matt Hasselbeck,unknown,
matt-leinart,Matt Leinart,Matt Leinart,unknown,
matt-martucci,Matt Martucci,Matt Martucci,pbp,
matt-mcconell,Matt McConell,Matt McConell,unknown,
matt-mcconnell,Matt McConnell,Matt McConnell,unknown,
matt-mcgloin,Matt McGloin,Matt McGloin,analyst,
matt-millen,Matt Millen,Matt Millen,analyst,
matt-neverett,Matt Neverett,Matt Neverett,unknown,
matt-schick,Matt Schick,Matt Schick,pbp,
matt-schumaker,Matt Schumaker,Matt Schumacker|Matt Schumaker,unknown,
matt-stewart,Matt Stewart,Matt Stewart,pbp,
matt-stinchomb,Matt Stinchomb,Matt Stinchcomb|Matt Stinchomb,unknown,
matt-warner,Matt Warner,Matt Warner,pbp,
matthew-downing,Matthew Downing,Matthew Downing,unknown,
maurice-jones-drew,Maurice Jones-Drew,Maurice Jones-Drew,unknown,
max-browne,Max Browne,Max Browne,analyst,
max-stark,Max Stark,Max Stark,analyst,
max-starks,Max Starks,Max Starks,analyst,
meghan-mcpeak,Meghan McPeak,Meghan McPeak,pbp,
michael-bumpus,Michael Bumpus,Michael Bumpus,analyst,
michael-cavanaugh,Michael Cavanaugh,Michael Cavanaugh,analyst,
michael-grady,Michael Grady,Michael Grady,pbp,
michael-reghi,Michael Reghi,Michael Reghi,pbp,
michael-robinson,Michael Robinson,Michael Robinson,analyst,
michael-young,Michael Young,Michael Young,unknown,
mick-tidrow,Mick Tidrow,Mick Tidrow,unknown,
mickey-matthews,Mickey Matthews,Mickey Matthews,analyst,
mike-belotti,Mike Belotti,Mike Bellotti|Mike Belotti,unknown,
mike-corey,Mike Corey,Mike Corey,pbp,
mike-couzens,Mike Couzens,Mike Couzens,pbp,
mike-gleason,Mike Gleason,Mike Gleason,pbp,
mike-glennon,Mike Glennon,Mike Glennon,analyst,
mike-golic,Mike Golic,Mike Golic,analyst,
mike-golic-jr,Mike Golic Jr.,Mike Golic Jr.,analyst,
mike-hogewood,Mike Hogewood,Mike Hogewood,unknown,
mike-lamb,Mike Lamb,Mike Lamb,unknown,
mike-logan,Mike Logan,Mike Logan,unknown,
mike-mayock,Mike Mayock,Mike Mayock,analyst,
mike-monaco,Mike Monaco,Mike Monaco,pbp,
mike-morgan,Mike Morgan,Mike Morgan,pbp,
mike-patrick,Mike Patrick,Mike Patrick,pbp,
mike-pawlawski,Mike Pawlawski,Mike Pawlawski,analyst,
mike-rivera,Mike Rivera,Mike Rivera,unknown,
mike-tirico,Mike Tirico,Mike Tirico,pbp,
mj-newsom,MJ Newsom,MJ Newsom,unknown,
mo-hasan,Mo Hasan,Mo Hasan,analyst,
nate-bukaty,Nate Bukaty,Nate Bukaty,unknown,
nate-gatter,Nate Gatter,Nate Gatter,pbp,
nate-ross,Nate Ross,Nate Ross,analyst,
nigel-burton,Nigel Burton,Nigel Burton,analyst,
noah-eagle,Noah Eagle,Noah Eagle,pbp,
noah-frary,Noah Frary,Noah Frary,unknown,
noah-reed,Noah Reed,Noah Reed,pbp,
nolan-alexander,Nolan Alexander,Nolan Alexander,unknown,
orlando-franklin,Orlando Franklin,Orlando Franklin,analyst,
ovie-mughelli,Ovie Mughelli,Ovie Mughelli,analyst,
pat-boylan,Pat Boylan,Pat Boylan,pbp,
pat-devlin,Pat Devlin,Pat Devlin,unknown,
pat-greenwood,Pat Greenwood,Pat Greenwood,unknown,
pat-hill,Pat Hill,Pat Hill,analyst,
pat-mcafee,Pat McAfee,Pat McAfee,unknown,
patrick-kinas,Patrick Kinas,Patrick Kinas,unknown,
patrick-murray,Patrick Murray,Patrick Murray,analyst,
patrick-peterson,Patrick Peterson,Patrick Peterson,unknown,
paul-burmeister,Paul Burmeister,Paul Burmeister,pbp,
paul-carcaterra,Paul Carcaterra,Paul Carcaterra,unknown,
paul-dottino,Paul Dottino,Paul Dottino,unknown,
paul-finebaum,Paul Finebaum,Paul Finebaum,unknown,
paul-loeffler,Paul Loeffler,Paul Loeffler,unknown,
pete-cordelli,Pete Cordelli,Pete Cordelli,unknown,
pete-fiutak,Pete Fiutak,Pete Fiutak,unknown,
pete-najarian,Pete Najarian,Pete Najarian,analyst,
pete-pranica,Pete Pranica,Pete Pranica,pbp,
pete-sousa,Pete Sousa,Pete Sousa|Peter Sousa,pbp,
peter-vaas,Peter Vaas,Peter Vaas,analyst,
peter-young,Peter Young,Peter Young,pbp,
petros-papadakis,Petros Papadakis,Petros Papadakis,analyst,
phil-simms,Phil Simms,Phil Simms,analyst,
postponed,POSTPONED,POSTPONED,unknown,
postponed-to-december-1,Postponed to December 1,Postponed to December 1,unknown,
quint-kessenich,Quint Kessenich,Quint Kessenich,unknown,
randy-buffington,Randy Buffington,Randy Buffington,analyst,
randy-cross,Randy Cross,Randy Cross,analyst,
rasheed-marshall,Rasheed Marshall,Rasheed Marshall,analyst,
ray-bentley,Ray Bentley,Ray Bentley,analyst,
ray-crawford,Ray Crawford,Ray Crawford,pbp,
ray-farmer,Ray Farmer,Ray Farmer,unknown,
ray-lucas,Ray Lucas,Ray Lucas,analyst,
rece-davis,Rece Davis,Rece Davis,pbp,
reggie-walker,Reggie Walker,Reggie Walker,analyst,
renaldo-wynn,Renaldo Wynn,Renaldo Wynn,analyst,
rene-ingoglia,Rene Ingoglia,Rene Ingoglia,analyst,
rhett-lewis,Rhett Lewis,Rhett Lewis,pbp,
rich-burk,Rich Burk,Rich Burk,unknown,
rich-cellini,Rich Cellini,Rich Cellini,unknown,
rich-miano,Rich Miano,Rich Miano,analyst,
rich-waltz,Rich Waltz,Rich Waltz,pbp,
richard-cross,Richard Cross,Richard Cross,pbp,
rick-allen,Rick Allen,Rick Allen,pbp,
rick-neuheisel,Rick Neuheisel,Rick Neuheisel,analyst,
rick-pizzo,Rick Pizzo,Rick Pizzo,unknown,
riley-skinner,Riley Skinner,Riley Skinner,analyst,
rob-king,Rob King,Rob King,pbp,
rob-stone,Rob Stone,Rob Stone,unknown,
robert-griffin-iii,Robert Griffin III,Robert Griffin III,analyst,
robert-kekaula,Robert Kekaula,Robert Kekaula,pbp,
robert-lee,Robert Lee,Robert Lee,pbp,
robert-portnoy,Robert Portnoy,Robert Portnoy,unknown,
robert-smith,Robert Smith,Robert Smith,analyst,
robert-turbin,Robert Turbin,Robert Turbin,analyst,
rocky-boiman,Rocky Boiman,Rocky Boiman,analyst,
rod-gilmore,Rod Gilmore,Rod Gilmore,analyst,
roddy-jones,Roddy Jones,Roddy Jones,analyst,
rodney-mcleod,Rodney McLeod,Rodney McLeod,analyst,
roger-twibell,Roger Twibell,Roger Twibell,unknown,
ron-johnson,Ron Johnson,Ron Johnson,analyst,
ron-pitts,Ron Pitts,Ron Pitts,pbp,
ron-thulin,Ron Thulin,Ron Thulin,pbp,
ross-tucker,Ross Tucker,Ross Tucker,analyst,
roxy-bernstein,Roxy Bernstein,Roxy Bernstein,pbp,
roy-philpott,Roy Philpott,Roy Philpott,pbp,
ryan-cavanaugh,Ryan Cavanaugh,Ryan Cavanaugh,analyst,
ryan-kaufman,Ryan Kaufman,Ryan Kaufman,unknown,
ryan-kerrigan,Ryan Kerrigan,Ryan Kerrigan,unknown,
ryan-leaf,Ryan Leaf,Ryan Leaf,analyst,
ryan-nece,Ryan Nece,Ryan Nece,analyst,
ryan-radtke,Ryan Radtke,Ryan Radtke,unknown,
ryan-rose,Ryan Rose,Ryan Rose,pbp,
ryan-ruocco,Ryan Ruocco,Ryan Ruocco,pbp,
ryan-shazier,Ryan Shazier,Ryan Shazier,analyst,
ryan-urquhart,Ryan Urquhart,Ryan Urquhart,pbp,
sage-rosenfels,Sage Rosenfels,Sage Rosenfels,analyst,
sam-acho,Sam Acho,Sam Acho,analyst,
sam-crenshaw,Sam Crenshaw,Sam Crenshaw,analyst,
sam-niederman,Sam Niederman,Sam Niederman,unknown,
scott-graham,Scott Graham,Scott Graham,pbp,
scott-jackson,Scott Jackson,Scott Jackson,pbp,
scott-klatzkin,Scott Klatzkin,Scott Klatzkin,unknown,
scott-mcbrien,Scott McBrien,Scott McBrien,analyst,
sean-grande,Sean Grande,Sean Grande,pbp,
sean-kelley,Sean Kelley,Sean Kelley,pbp,
sean-mcdonough,Sean McDonough,Sean McDonough,pbp,
sean-mulcahy,Sean Mulcahy,Sean Mulcahy,unknown,
sed-bonner,Sed Bonner,Sed Bonner|Sherdrick Bonner,analyst,
shane-sparks,Shane Sparks,Shane Sparks,unknown,
shane-vereen,Shane Vereen,Shane Vereen,analyst,
shaun-ohara,Shaun O'Hara,Shaun O'Hara,analyst,
shaun-vosters,Shaun Vosters,Shaun Vosters,unknown,
shawn-davison,Shawn Davison,Shawn Davison,unknown,
shawn-kennedy,Shawn Kennedy,Sean Kenney|Shawn Kennedy|Shawn Kenney,unknown,
sherdric-bonner,Sherdric Bonner,Sherdric Bonner,analyst,
spencer-tillman,Spencer Tillman,Spencer Tillman,analyst,
stan-lewter,Stan Lewter,Stan Lewter,analyst,
stanford-routt,Stanford Routt,Stan Routt|Stanford Routt,analyst,
stanley-jackson,Stanley Jackson,Stanley Jackson,analyst,
steve-addazio,Steve Addazio,Steve Addazio,analyst,
steve-beurelein,Steve Beurelein,Steve Beurelein,unknown,
steve-cofield,Steve Cofield,Steve Cofield,unknown,
steve-deossie,Steve DeOssie,Steve DeOssie,unknown,
steve-hutchinson,Steve Hutchinson,Steve Hutchinson,analyst,
steve-levy,Steve Levy,Steve Levy,pbp,
steve-physioc,Steve Physioc,Steve Physioc,unknown,
steve-sarkisian,Steve Sarkisian,Steve Sarkisian,unknown,
steve-smith-sr,Steve Smith Sr.,Steve Smith Sr.,unknown,
takeo-spikes,Takeo Spikes,Takeo Spikes,analyst,
tanner-morgan,Tanner Morgan,Tanner Morgan,analyst,
taylor-davis,Taylor Davis,Taylor Davis,unknown,
taylor-mchargue,Taylor McHargue,Taylor McHargue,analyst,
taylor-tannebaum,Taylor Tannebaum,Taylor Tannebaum,unknown,
taylor-zarzour,Taylor Zarzour,Taylor Zarzour,pbp,
ted-emrich,Ted Emrich,Ted Emrich,pbp,
ted-robinson,Ted Robinson,Ted Robinson,pbp,
ted-sundquist,Ted Sundquist,Ted Sundquist,analyst,
teddy-atlas,Teddy Atlas,Teddy Atlas,unknown,
thom-brennaman,Thom Brennaman,Thom Brennaman,pbp,
tiffany-greene,Tiffany Greene,Tiffany Greene,pbp,
tim-brando,Tim Brando,Tim Brando,pbp,
tim-brant,Tim Brant,Tim Brant,pbp,
tim-couch,Tim Couch,Tim Couch,analyst,
tim-hasselbeck,Tim Hasselbeck,Tim Hasselbeck,analyst,
tj-rives,TJ Rives,TJ Rives,unknown,
todd-blackledge,Todd Blackledge,Todd Blackledge,analyst,
todd-doxson,Todd Doxson,Todd Doxson,analyst,
todd-doxzon,Todd Doxzon,Todd Doxzon,analyst,
todd-mcshay,Todd McShay,Todd McShay,analyst,
tom-cole,Tom Cole,Tom Cole,unknown,
tom-hammond,Tom Hammond,Tom Hammond,pbp,
tom-hart,Tom Hart,Tom Hart,pbp,
tom-herman,Tom Herman,Tom Herman,analyst,
tom-luginbill,Tom Luginbill,Tom Luginbill,analyst,
tom-mccarthy,Tom McCarthy,Tom McCarthy,pbp,
tom-ramsey,Tom Ramsey,Tom Ramsey,analyst,
tom-werme,Tom Werme,Tom Werme,pbp,
tommy-olson,Tommy Olson,Tommy Olson,unknown,
tommy-tuberville,Tommy Tuberville,Tommy Tuberville,analyst,
tony-cordasco,Tony Cordasco,Tony Cordasco,unknown,
tony-dungy,Tony Dungy,Tony Dungy,analyst,
tony-simeone,Tony Simeone,Anthony Simeone|Tony Simeone,unknown,
tony-simone,Tony Simone,Tony Simone,unknown,
travis-tannahill,Travis Tannahill,Travis Tannahill,unknown,
tre-watson,Tre Watson,Tre Watson,analyst,
trent-rush,Trent Rush,Trent Rush,pbp,
trevor-matich,Trevor Matich,Trevor Matich,unknown,
trey-bender,Trey Bender,Trey Bender,pbp,
troy-clardy,Troy Clardy,Troy Clardy,unknown,
tyoka-jackson,Tyoka Jackson,Tyoka Jackson,analyst,
vad-lee,Vad Lee,Vad Lee,unknown,
verne-lundquist,Verne Lundquist,Verne Lundquist,pbp,
vic-lombardi,Vic Lombardi,Vic Lombardi,pbp,
vonnie-holliday,Vonnie Holliday,Vonnie Holliday,analyst,
walter-virgil,Walter Virgil,Walter Virgil,unknown,
warrick-dunn,Warrick Dunn,Warrick Dunn,unknown,
watson-brown,Watson Brown,Watson Brown,unknown,
wayne-gandy,Wayne Gandy,Wayne Gandy,analyst,
wayne-randazzo,Wayne Randazzo,Wayne Randazzo,pbp,
wes-bryant,Wes Bryant,Wes Bryant,unknown,
wes-durhan,Wes Durhan,Wes Durham|Wes Durhan,unknown,
will-blackmon,Will Blackmon,Will Blackmon,analyst,
will-iger,Will Iger,Will Iger,unknown,
will-kollmeyer,Will Kollmeyer,Will Kollmeyer,pbp,
yogi-roth,Yogi Roth,Yogi Roth,analyst,
