name_a,name_b,reason,decision
A.J. Hawk,AJ Hawk,similar_first,same
A.J. Kanell,AJ Kanell,similar_first,same
Adam Breneman,Adam Brenneman,near_spelling,same
Adam Brenemen,Adam Brenneman,near_spelling,same
Anthony Simeone,Tony Simeone,nickname,same
Barrett Brooke,Barrett Brooks,near_spelling,same
Ben Hartsock,Brian Hartsock,similar_first,same
Bill Roth,Brian Roth,similar_first,different
Bob Carpenter,Bobby Carpenter,similar_first,same
Brain Griese,Brian Griese,similar_first,same
Dave Archer,David Archer,nickname,same
Dave Neal,David Neal,nickname,same
David Anderson,Doug Anderson,similar_first,different
David Wilson,Davis Wilson,similar_first,same
Deuce McAllister,Deuce McCallister,near_spelling,same
Forest Conoly,Forrest Connoly,near_spelling,same
Forest Conoly,Forrest Conoly,similar_first,same
Forrest Connoly,Forrest Conoly,near_spelling,same
Fozzie Whittaker,Fozzy Whittaker,similar_first,same
Fozzy Whitaker,Fozzy Whittaker,near_spelling,same
Glen Mason,Len Mason,similar_first,same
Glen Parker,Glenn Parker,similar_first,same
Hudson Mason,Huston Mason,similar_first,same
Hudson Mason,Hutson Mason,similar_first,same
Huston Mason,Hutson Mason,similar_first,same
J.B Long,JB Long,similar_first,same
James Laurinaitis,James Laurinatis,near_spelling,same
Jason Benetti,Jason Benetti,possible_two_people,one
Jason Ross,Jason Ross Jr,suffix_only,different
Jason Ross,John Ross,similar_first,different
Jason Ross Jr,John Ross,similar_first,different
Jesse Palmer,Jessie Palmer,similar_first,same
Jesse Palmer,Jordan Palmer,similar_first,different
Jessie Palmer,Jordan Palmer,similar_first,different
Jim Mora,Jim Mora Jr.,suffix_only,same
John Cognemi,John Congemi,near_spelling,same
Jon Vilma,Jonathan Vilma,nickname,same
Mark Helfich,Mark Helfrich,near_spelling,same
Mark Helfich,Mark Herzlich,near_spelling,different
Matt Schumacker,Matt Schumaker,near_spelling,same
Matt Stinchcomb,Matt Stinchomb,near_spelling,same
Mike Bellotti,Mike Belotti,near_spelling,same
Mike Golic,Mike Golic Jr.,suffix_only,different
Mike Logan,Mike Morgan,near_spelling,different
Pete Sousa,Peter Sousa,similar_first,same
Randy Cross,Richard Cross,similar_first,different
Rocky Boiman,Rocky Boiman,possible_two_people,one
Scott Jackson,Stanley Jackson,similar_first,different
Sean Kenney,Shawn Kenney,similar_first,same
Sed Bonner,Sherdric Bonner,similar_first,same
Sed Bonner,Sherdrick Bonner,similar_first,same
Shawn Kennedy,Shawn Kenney,near_spelling,same
Sherdric Bonner,Sherdrick Bonner,similar_first,same
Stan Routt,Stanford Routt,similar_first,same
Wes Durham,Wes Durhan,near_spelling,same
