rivalry_id,name,team_a,team_b,season_from,season_to
the-game,The Game,Michigan,Ohio State,,
red-river,Red River Rivalry,Texas,Oklahoma,,
iron-bowl,Iron Bowl,Alabama,Auburn,,
egg-bowl,Egg Bowl,Ole Miss,Mississippi State,,
apple-cup,Apple Cup,Washington,Washington State,,
clean-old-fashioned-hate,"Clean, Old-Fashioned Hate",Georgia,Georgia Tech,,
cocktail-party,World's Largest Outdoor Cocktail Party,Florida,Georgia,,
third-saturday-in-october,Third Saturday in October,Alabama,Tennessee,,
deep-souths-oldest-rivalry,Deep South's Oldest Rivalry,Auburn,Georgia,,
bedlam,Bedlam,Oklahoma,Oklahoma State,,
backyard-brawl,Backyard Brawl,Pittsburgh,West Virginia,,
territorial-cup,Territorial Cup,Arizona,Arizona State,,
holy-war,Holy War,BYU,Utah,,
big-game,Big Game,California,Stanford,,
lone-star-showdown,Lone Star Showdown,Texas,Texas A&M,,
jeweled-shillelagh,Jeweled Shillelagh,Notre Dame,USC,,
army-navy,Army-Navy Game,Army,Navy,,
border-war,Border War,Kansas,Missouri,,
cy-hawk,Cy-Hawk Game,Iowa,Iowa State,,
floyd-of-rosedale,Floyd of Rosedale,Iowa,Minnesota,,
little-brown-jug,Little Brown Jug,Michigan,Minnesota,,
paul-bunyan-trophy,Paul Bunyan Trophy,Michigan,Michigan State,,
paul-bunyans-axe,Paul Bunyan's Axe,Minnesota,Wisconsin,,
old-oaken-bucket,Old Oaken Bucket,Indiana,Purdue,,
governors-cup,Governor's Cup,Kentucky,Louisville,,
palmetto-bowl,Palmetto Bowl,Clemson,South Carolina,,
commonwealth-cup,Commonwealth Cup,Virginia,Virginia Tech,,
victory-bell,Victory Bell,UCLA,USC,,
golden-boot,Golden Boot,Arkansas,LSU,,
revivalry,Revivalry,Baylor,TCU,,
iron-skillet,Iron Skillet,SMU,TCU,,
sunflower-showdown,Sunflower Showdown,Kansas,Kansas State,,
rocky-mountain-showdown,Rocky Mountain Showdown,Colorado,Colorado State,,
battle-line-rivalry,Battle Line Rivalry,Arkansas,Missouri,,
land-grant-trophy,Land-Grant Trophy,Michigan State,Penn State,,
land-of-lincoln-trophy,Land of Lincoln Trophy,Illinois,Northwestern,,
textile-bowl,Textile Bowl,Clemson,NC State,,
sunshine-showdown,Sunshine Showdown,Florida,Florida State,,
rumble-in-the-rockies,Rumble in the Rockies,Colorado,Utah,,
mayors-cup,Mayor's Cup,UCF,South Florida,,
fremont-cannon,Fremont Cannon,Nevada,UNLV,,
